nuo_galiojanciu_biuleteniu,apygarda,partija,pastu,apylinkese
17.56%,Naujamiesčio (Nr.1) apygarda,Darbo partija,1376,3537
17.93%,Naujamiesčio (Nr.1) apygarda,"A.Brazausko ir A.Paulausko koalicija ""Už darbą Lietuvai""",1630,3387
26.36%,Naujamiesčio (Nr.1) apygarda,"Tėvynės sąjunga (konservatoriai, politiniai kaliniai ir tremtiniai, krikščioniškieji demokratai)",3168,4207
7.35%,Naujamiesčio (Nr.1) apygarda,"Rolando Pakso koalicija ""Už tvarką ir teisingumą""",428,1628
16.48%,Naujamiesčio (Nr.1) apygarda,Liberalų ir centro sąjunga,1484,3127
4.45%,Naujamiesčio (Nr.1) apygarda,Valstiečių ir Naujosios demokratijos partijų sąjunga,479,766
4.46%,Naujamiesčio (Nr.1) apygarda,Lietuvos lenkų rinkimų akcija,122,1126
1.17%,Naujamiesčio (Nr.1) apygarda,Krikščionių konservatorių socialinė sąjunga,119,209
0.87%,Naujamiesčio (Nr.1) apygarda,Lietuvos krikščionys demokratai,131,113
1.00%,Naujamiesčio (Nr.1) apygarda,Nacionalinė centro partija,151,129
0.30%,Naujamiesčio (Nr.1) apygarda,Respublikonų partija,39,44
0.51%,Naujamiesčio (Nr.1) apygarda,Lietuvos socialdemokratų sąjunga,60,84
0.52%,Naujamiesčio (Nr.1) apygarda,Lietuvos laisvės sąjunga,87,58
0.42%,Naujamiesčio (Nr.1) apygarda,Tautinė partija Lietuvos kelias,51,66
0.63%,Naujamiesčio (Nr.1) apygarda,Lietuvių tautininkų sąjunga,93,84
29.06%,Lazdijų - Druskininkų (Nr.71) apygarda,Darbo partija,1349,4180
29.20%,Lazdijų - Druskininkų (Nr.71) apygarda,"A.Brazausko ir A.Paulausko koalicija ""Už darbą Lietuvai""",985,4570
16.40%,Lazdijų - Druskininkų (Nr.71) apygarda,"Tėvynės sąjunga (konservatoriai, politiniai kaliniai ir tremtiniai, krikščioniškieji demokratai)",736,2384
9.08%,Lazdijų - Druskininkų (Nr.71) apygarda,"Rolando Pakso koalicija ""Už tvarką ir teisingumą""",298,1430
5.13%,Lazdijų - Druskininkų (Nr.71) apygarda,Liberalų ir centro sąjunga,190,786
5.45%,Lazdijų - Druskininkų (Nr.71) apygarda,Valstiečių ir Naujosios demokratijos partijų sąjunga,252,785
0.36%,Lazdijų - Druskininkų (Nr.71) apygarda,Lietuvos lenkų rinkimų akcija,8,61
2.00%,Lazdijų - Druskininkų (Nr.71) apygarda,Krikščionių konservatorių socialinė sąjunga,125,255
1.16%,Lazdijų - Druskininkų (Nr.71) apygarda,Lietuvos krikščionys demokratai,80,141
0.70%,Lazdijų - Druskininkų (Nr.71) apygarda,Nacionalinė centro partija,44,90
0.29%,Lazdijų - Druskininkų (Nr.71) apygarda,Respublikonų partija,12,44
0.42%,Lazdijų - Druskininkų (Nr.71) apygarda,Lietuvos socialdemokratų sąjunga,18,61
0.32%,Lazdijų - Druskininkų (Nr.71) apygarda,Lietuvos laisvės sąjunga,17,44
0.27%,Lazdijų - Druskininkų (Nr.71) apygarda,Tautinė partija Lietuvos kelias,15,37
0.14%,Lazdijų - Druskininkų (Nr.71) apygarda,Lietuvių tautininkų sąjunga,6,20
21.36%,Varėnos - Eišiškių (Nr.70) apygarda,Darbo partija,1025,2587
24.00%,Varėnos - Eišiškių (Nr.70) apygarda,"A.Brazausko ir A.Paulausko koalicija ""Už darbą Lietuvai""",1060,2999
7.03%,Varėnos - Eišiškių (Nr.70) apygarda,"Tėvynės sąjunga (konservatoriai, politiniai kaliniai ir tremtiniai, krikščioniškieji demokratai)",364,825
11.49%,Varėnos - Eišiškių (Nr.70) apygarda,"Rolando Pakso koalicija ""Už tvarką ir teisingumą""",409,1534
8.36%,Varėnos - Eišiškių (Nr.70) apygarda,Liberalų ir centro sąjunga,428,985
3.65%,Varėnos - Eišiškių (Nr.70) apygarda,Valstiečių ir Naujosios demokratijos partijų sąjunga,201,416
20.65%,Varėnos - Eišiškių (Nr.70) apygarda,Lietuvos lenkų rinkimų akcija,1370,2122
1.19%,Varėnos - Eišiškių (Nr.70) apygarda,Krikščionių konservatorių socialinė sąjunga,87,115
0.74%,Varėnos - Eišiškių (Nr.70) apygarda,Lietuvos krikščionys demokratai,43,82
0.40%,Varėnos - Eišiškių (Nr.70) apygarda,Nacionalinė centro partija,16,51
0.27%,Varėnos - Eišiškių (Nr.70) apygarda,Respublikonų partija,18,28
0.30%,Varėnos - Eišiškių (Nr.70) apygarda,Lietuvos socialdemokratų sąjunga,22,29
0.20%,Varėnos - Eišiškių (Nr.70) apygarda,Lietuvos laisvės sąjunga,13,20
0.18%,Varėnos - Eišiškių (Nr.70) apygarda,Tautinė partija Lietuvos kelias,13,18
0.18%,Varėnos - Eišiškių (Nr.70) apygarda,Lietuvių tautininkų sąjunga,9,22
28.96%,Dzūkijos (Nr.69) apygarda,Darbo partija,885,3797
24.99%,Dzūkijos (Nr.69) apygarda,"A.Brazausko ir A.Paulausko koalicija ""Už darbą Lietuvai""",667,3374
19.08%,Dzūkijos (Nr.69) apygarda,"Tėvynės sąjunga (konservatoriai, politiniai kaliniai ir tremtiniai, krikščioniškieji demokratai)",969,2116
9.71%,Dzūkijos (Nr.69) apygarda,"Rolando Pakso koalicija ""Už tvarką ir teisingumą""",294,1276
6.10%,Dzūkijos (Nr.69) apygarda,Liberalų ir centro sąjunga,142,845
5.99%,Dzūkijos (Nr.69) apygarda,Valstiečių ir Naujosios demokratijos partijų sąjunga,199,770
0.04%,Dzūkijos (Nr.69) apygarda,Lietuvos lenkų rinkimų akcija,1,6
1.71%,Dzūkijos (Nr.69) apygarda,Krikščionių konservatorių socialinė sąjunga,82,195
1.66%,Dzūkijos (Nr.69) apygarda,Lietuvos krikščionys demokratai,66,203
0.31%,Dzūkijos (Nr.69) apygarda,Nacionalinė centro partija,9,41
0.40%,Dzūkijos (Nr.69) apygarda,Respublikonų partija,14,51
0.30%,Dzūkijos (Nr.69) apygarda,Lietuvos socialdemokratų sąjunga,9,39
0.16%,Dzūkijos (Nr.69) apygarda,Lietuvos laisvės sąjunga,10,16
0.22%,Dzūkijos (Nr.69) apygarda,Tautinė partija Lietuvos kelias,4,32
0.35%,Dzūkijos (Nr.69) apygarda,Lietuvių tautininkų sąjunga,17,39
33.88%,Vilkaviškio (Nr.68) apygarda,Darbo partija,1262,3876
30.47%,Vilkaviškio (Nr.68) apygarda,"A.Brazausko ir A.Paulausko koalicija ""Už darbą Lietuvai""",844,3777
11.06%,Vilkaviškio (Nr.68) apygarda,"Tėvynės sąjunga (konservatoriai, politiniai kaliniai ir tremtiniai, krikščioniškieji demokratai)",382,1295
8.82%,Vilkaviškio (Nr.68) apygarda,"Rolando Pakso koalicija ""Už tvarką ir teisingumą""",242,1095
4.90%,Vilkaviškio (Nr.68) apygarda,Liberalų ir centro sąjunga,118,625
4.94%,Vilkaviškio (Nr.68) apygarda,Valstiečių ir Naujosios demokratijos partijų sąjunga,148,601
0.02%,Vilkaviškio (Nr.68) apygarda,Lietuvos lenkų rinkimų akcija, ,3
1.54%,Vilkaviškio (Nr.68) apygarda,Krikščionių konservatorių socialinė sąjunga,82,151
1.48%,Vilkaviškio (Nr.68) apygarda,Lietuvos krikščionys demokratai,61,163
0.28%,Vilkaviškio (Nr.68) apygarda,Nacionalinė centro partija,14,29
0.41%,Vilkaviškio (Nr.68) apygarda,Respublikonų partija,11,51
0.96%,Vilkaviškio (Nr.68) apygarda,Lietuvos socialdemokratų sąjunga,31,115
0.18%,Vilkaviškio (Nr.68) apygarda,Lietuvos laisvės sąjunga,10,17
0.16%,Vilkaviškio (Nr.68) apygarda,Tautinė partija Lietuvos kelias,4,21
0.90%,Vilkaviškio (Nr.68) apygarda,Lietuvių tautininkų sąjunga,37,99
23.78%,Prienų (Nr.67) apygarda,Darbo partija,647,2802
31.78%,Prienų (Nr.67) apygarda,"A.Brazausko ir A.Paulausko koalicija ""Už darbą Lietuvai""",1078,3531
14.29%,Prienų (Nr.67) apygarda,"Tėvynės sąjunga (konservatoriai, politiniai kaliniai ir tremtiniai, krikščioniškieji demokratai)",462,1610
11.76%,Prienų (Nr.67) apygarda,"Rolando Pakso koalicija ""Už tvarką ir teisingumą""",423,1282
7.19%,Prienų (Nr.67) apygarda,Liberalų ir centro sąjunga,129,913
6.14%,Prienų (Nr.67) apygarda,Valstiečių ir Naujosios demokratijos partijų sąjunga,202,689
0.05%,Prienų (Nr.67) apygarda,Lietuvos lenkų rinkimų akcija, ,7
1.58%,Prienų (Nr.67) apygarda,Krikščionių konservatorių socialinė sąjunga,80,149
1.47%,Prienų (Nr.67) apygarda,Lietuvos krikščionys demokratai,70,143
0.37%,Prienų (Nr.67) apygarda,Nacionalinė centro partija,14,40
0.39%,Prienų (Nr.67) apygarda,Respublikonų partija,12,45
0.61%,Prienų (Nr.67) apygarda,Lietuvos socialdemokratų sąjunga,34,55
0.30%,Prienų (Nr.67) apygarda,Lietuvos laisvės sąjunga,21,23
0.15%,Prienų (Nr.67) apygarda,Tautinė partija Lietuvos kelias,4,18
0.13%,Prienų (Nr.67) apygarda,Lietuvių tautininkų sąjunga,5,14
25.32%,Kauno kaimiškoji (Nr.66) apygarda,Darbo partija,517,3623
22.10%,Kauno kaimiškoji (Nr.66) apygarda,"A.Brazausko ir A.Paulausko koalicija ""Už darbą Lietuvai""",435,3179
21.24%,Kauno kaimiškoji (Nr.66) apygarda,"Tėvynės sąjunga (konservatoriai, politiniai kaliniai ir tremtiniai, krikščioniškieji demokratai)",510,2962
8.85%,Kauno kaimiškoji (Nr.66) apygarda,"Rolando Pakso koalicija ""Už tvarką ir teisingumą""",148,1299
11.73%,Kauno kaimiškoji (Nr.66) apygarda,Liberalų ir centro sąjunga,159,1759
5.18%,Kauno kaimiškoji (Nr.66) apygarda,Valstiečių ir Naujosios demokratijos partijų sąjunga,124,723
0.06%,Kauno kaimiškoji (Nr.66) apygarda,Lietuvos lenkų rinkimų akcija,1,9
1.75%,Kauno kaimiškoji (Nr.66) apygarda,Krikščionių konservatorių socialinė sąjunga,67,219
1.79%,Kauno kaimiškoji (Nr.66) apygarda,Lietuvos krikščionys demokratai,63,229
0.64%,Kauno kaimiškoji (Nr.66) apygarda,Nacionalinė centro partija,20,85
0.41%,Kauno kaimiškoji (Nr.66) apygarda,Respublikonų partija,11,56
0.20%,Kauno kaimiškoji (Nr.66) apygarda,Lietuvos socialdemokratų sąjunga,7,25
0.34%,Kauno kaimiškoji (Nr.66) apygarda,Lietuvos laisvės sąjunga,16,40
0.20%,Kauno kaimiškoji (Nr.66) apygarda,Tautinė partija Lietuvos kelias,4,29
0.19%,Kauno kaimiškoji (Nr.66) apygarda,Lietuvių tautininkų sąjunga,5,26
44.08%,Kauno - Kėdainių (Nr.65) apygarda,Darbo partija,1338,6086
18.63%,Kauno - Kėdainių (Nr.65) apygarda,"A.Brazausko ir A.Paulausko koalicija ""Už darbą Lietuvai""",513,2625
13.61%,Kauno - Kėdainių (Nr.65) apygarda,"Tėvynės sąjunga (konservatoriai, politiniai kaliniai ir tremtiniai, krikščioniškieji demokratai)",369,1923
6.85%,Kauno - Kėdainių (Nr.65) apygarda,"Rolando Pakso koalicija ""Už tvarką ir teisingumą""",124,1029
6.84%,Kauno - Kėdainių (Nr.65) apygarda,Liberalų ir centro sąjunga,138,1014
5.88%,Kauno - Kėdainių (Nr.65) apygarda,Valstiečių ir Naujosios demokratijos partijų sąjunga,127,863
0.05%,Kauno - Kėdainių (Nr.65) apygarda,Lietuvos lenkų rinkimų akcija,1,7
1.38%,Kauno - Kėdainių (Nr.65) apygarda,Krikščionių konservatorių socialinė sąjunga,67,165
1.13%,Kauno - Kėdainių (Nr.65) apygarda,Lietuvos krikščionys demokratai,49,141
0.34%,Kauno - Kėdainių (Nr.65) apygarda,Nacionalinė centro partija,8,49
0.37%,Kauno - Kėdainių (Nr.65) apygarda,Respublikonų partija,15,47
0.27%,Kauno - Kėdainių (Nr.65) apygarda,Lietuvos socialdemokratų sąjunga,6,39
0.28%,Kauno - Kėdainių (Nr.65) apygarda,Lietuvos laisvės sąjunga,17,30
0.10%,Kauno - Kėdainių (Nr.65) apygarda,Tautinė partija Lietuvos kelias,2,15
0.20%,Kauno - Kėdainių (Nr.65) apygarda,Lietuvių tautininkų sąjunga,6,28
26.73%,Šakių (Nr.64) apygarda,Darbo partija,874,3190
22.41%,Šakių (Nr.64) apygarda,"A.Brazausko ir A.Paulausko koalicija ""Už darbą Lietuvai""",852,2555
15.72%,Šakių (Nr.64) apygarda,"Tėvynės sąjunga (konservatoriai, politiniai kaliniai ir tremtiniai, krikščioniškieji demokratai)",687,1702
9.84%,Šakių (Nr.64) apygarda,"Rolando Pakso koalicija ""Už tvarką ir teisingumą""",379,1117
4.97%,Šakių (Nr.64) apygarda,Liberalų ir centro sąjunga,151,605
12.47%,Šakių (Nr.64) apygarda,Valstiečių ir Naujosios demokratijos partijų sąjunga,466,1430
0.07%,Šakių (Nr.64) apygarda,Lietuvos lenkų rinkimų akcija,5,5
2.12%,Šakių (Nr.64) apygarda,Krikščionių konservatorių socialinė sąjunga,132,190
3.97%,Šakių (Nr.64) apygarda,Lietuvos krikščionys demokratai,200,404
0.37%,Šakių (Nr.64) apygarda,Nacionalinė centro partija,15,42
0.39%,Šakių (Nr.64) apygarda,Respublikonų partija,20,39
0.37%,Šakių (Nr.64) apygarda,Lietuvos socialdemokratų sąjunga,21,35
0.28%,Šakių (Nr.64) apygarda,Lietuvos laisvės sąjunga,26,16
0.18%,Šakių (Nr.64) apygarda,Tautinė partija Lietuvos kelias,4,24
0.11%,Šakių (Nr.64) apygarda,Lietuvių tautininkų sąjunga,1,15
33.50%,Suvalkijos (Nr.63) apygarda,Darbo partija,1358,3839
20.75%,Suvalkijos (Nr.63) apygarda,"A.Brazausko ir A.Paulausko koalicija ""Už darbą Lietuvai""",747,2472
12.97%,Suvalkijos (Nr.63) apygarda,"Tėvynės sąjunga (konservatoriai, politiniai kaliniai ir tremtiniai, krikščioniškieji demokratai)",576,1436
13.58%,Suvalkijos (Nr.63) apygarda,"Rolando Pakso koalicija ""Už tvarką ir teisingumą""",520,1587
5.38%,Suvalkijos (Nr.63) apygarda,Liberalų ir centro sąjunga,172,663
7.01%,Suvalkijos (Nr.63) apygarda,Valstiečių ir Naujosios demokratijos partijų sąjunga,267,821
0.02%,Suvalkijos (Nr.63) apygarda,Lietuvos lenkų rinkimų akcija,1,2
1.37%,Suvalkijos (Nr.63) apygarda,Krikščionių konservatorių socialinė sąjunga,80,133
3.34%,Suvalkijos (Nr.63) apygarda,Lietuvos krikščionys demokratai,156,362
0.41%,Suvalkijos (Nr.63) apygarda,Nacionalinė centro partija,20,43
0.35%,Suvalkijos (Nr.63) apygarda,Respublikonų partija,17,37
0.65%,Suvalkijos (Nr.63) apygarda,Lietuvos socialdemokratų sąjunga,28,73
0.38%,Suvalkijos (Nr.63) apygarda,Lietuvos laisvės sąjunga,34,25
0.15%,Suvalkijos (Nr.63) apygarda,Tautinė partija Lietuvos kelias,5,18
0.14%,Suvalkijos (Nr.63) apygarda,Lietuvių tautininkų sąjunga,7,14
28.39%,Jurbarko (Nr.62) apygarda,Darbo partija,1041,2994
23.43%,Jurbarko (Nr.62) apygarda,"A.Brazausko ir A.Paulausko koalicija ""Už darbą Lietuvai""",980,2350
14.86%,Jurbarko (Nr.62) apygarda,"Tėvynės sąjunga (konservatoriai, politiniai kaliniai ir tremtiniai, krikščioniškieji demokratai)",667,1445
9.26%,Jurbarko (Nr.62) apygarda,"Rolando Pakso koalicija ""Už tvarką ir teisingumą""",337,979
9.06%,Jurbarko (Nr.62) apygarda,Liberalų ir centro sąjunga,263,1025
8.04%,Jurbarko (Nr.62) apygarda,Valstiečių ir Naujosios demokratijos partijų sąjunga,354,788
0.06%,Jurbarko (Nr.62) apygarda,Lietuvos lenkų rinkimų akcija,4,4
3.62%,Jurbarko (Nr.62) apygarda,Krikščionių konservatorių socialinė sąjunga,249,265
1.58%,Jurbarko (Nr.62) apygarda,Lietuvos krikščionys demokratai,81,144
0.46%,Jurbarko (Nr.62) apygarda,Nacionalinė centro partija,13,53
0.35%,Jurbarko (Nr.62) apygarda,Respublikonų partija,18,32
0.24%,Jurbarko (Nr.62) apygarda,Lietuvos socialdemokratų sąjunga,10,24
0.37%,Jurbarko (Nr.62) apygarda,Lietuvos laisvės sąjunga,25,28
0.20%,Jurbarko (Nr.62) apygarda,Tautinė partija Lietuvos kelias,9,19
0.08%,Jurbarko (Nr.62) apygarda,Lietuvių tautininkų sąjunga,2,9
34.83%,Ukmergės (Nr.61) apygarda,Darbo partija,1146,5037
20.33%,Ukmergės (Nr.61) apygarda,"A.Brazausko ir A.Paulausko koalicija ""Už darbą Lietuvai""",689,2921
14.31%,Ukmergės (Nr.61) apygarda,"Tėvynės sąjunga (konservatoriai, politiniai kaliniai ir tremtiniai, krikščioniškieji demokratai)",615,1926
11.88%,Ukmergės (Nr.61) apygarda,"Rolando Pakso koalicija ""Už tvarką ir teisingumą""",407,1702
7.34%,Ukmergės (Nr.61) apygarda,Liberalų ir centro sąjunga,204,1100
6.16%,Ukmergės (Nr.61) apygarda,Valstiečių ir Naujosios demokratijos partijų sąjunga,263,831
0.07%,Ukmergės (Nr.61) apygarda,Lietuvos lenkų rinkimų akcija,4,8
1.67%,Ukmergės (Nr.61) apygarda,Krikščionių konservatorių socialinė sąjunga,119,177
1.54%,Ukmergės (Nr.61) apygarda,Lietuvos krikščionys demokratai,88,186
0.34%,Ukmergės (Nr.61) apygarda,Nacionalinė centro partija,17,44
0.35%,Ukmergės (Nr.61) apygarda,Respublikonų partija,18,45
0.38%,Ukmergės (Nr.61) apygarda,Lietuvos socialdemokratų sąjunga,17,50
0.26%,Ukmergės (Nr.61) apygarda,Lietuvos laisvės sąjunga,15,31
0.17%,Ukmergės (Nr.61) apygarda,Tautinė partija Lietuvos kelias,6,25
0.35%,Ukmergės (Nr.61) apygarda,Lietuvių tautininkų sąjunga,10,53
37.60%,Jonavos (Nr.60) apygarda,Darbo partija,730,5064
22.35%,Jonavos (Nr.60) apygarda,"A.Brazausko ir A.Paulausko koalicija ""Už darbą Lietuvai""",377,3066
10.75%,Jonavos (Nr.60) apygarda,"Tėvynės sąjunga (konservatoriai, politiniai kaliniai ir tremtiniai, krikščioniškieji demokratai)",204,1453
11.41%,Jonavos (Nr.60) apygarda,"Rolando Pakso koalicija ""Už tvarką ir teisingumą""",260,1498
6.30%,Jonavos (Nr.60) apygarda,Liberalų ir centro sąjunga,95,875
7.71%,Jonavos (Nr.60) apygarda,Valstiečių ir Naujosios demokratijos partijų sąjunga,214,974
0.40%,Jonavos (Nr.60) apygarda,Lietuvos lenkų rinkimų akcija,7,55
1.36%,Jonavos (Nr.60) apygarda,Krikščionių konservatorių socialinė sąjunga,56,153
0.46%,Jonavos (Nr.60) apygarda,Lietuvos krikščionys demokratai,7,64
0.38%,Jonavos (Nr.60) apygarda,Nacionalinė centro partija,10,48
0.33%,Jonavos (Nr.60) apygarda,Respublikonų partija,10,41
0.54%,Jonavos (Nr.60) apygarda,Lietuvos socialdemokratų sąjunga,15,68
0.20%,Jonavos (Nr.60) apygarda,Lietuvos laisvės sąjunga,13,18
0.15%,Jonavos (Nr.60) apygarda,Tautinė partija Lietuvos kelias,2,21
0.06%,Jonavos (Nr.60) apygarda,Lietuvių tautininkų sąjunga,2,8
30.06%,Kaišiadorių - Elektrėnų (Nr.59) apygarda,Darbo partija,1066,4329
30.41%,Kaišiadorių - Elektrėnų (Nr.59) apygarda,"A.Brazausko ir A.Paulausko koalicija ""Už darbą Lietuvai""",1299,4158
11.91%,Kaišiadorių - Elektrėnų (Nr.59) apygarda,"Tėvynės sąjunga (konservatoriai, politiniai kaliniai ir tremtiniai, krikščioniškieji demokratai)",459,1679
9.27%,Kaišiadorių - Elektrėnų (Nr.59) apygarda,"Rolando Pakso koalicija ""Už tvarką ir teisingumą""",284,1380
8.20%,Kaišiadorių - Elektrėnų (Nr.59) apygarda,Liberalų ir centro sąjunga,274,1198
4.58%,Kaišiadorių - Elektrėnų (Nr.59) apygarda,Valstiečių ir Naujosios demokratijos partijų sąjunga,191,631
0.28%,Kaišiadorių - Elektrėnų (Nr.59) apygarda,Lietuvos lenkų rinkimų akcija,7,44
1.60%,Kaišiadorių - Elektrėnų (Nr.59) apygarda,Krikščionių konservatorių socialinė sąjunga,125,163
1.22%,Kaišiadorių - Elektrėnų (Nr.59) apygarda,Lietuvos krikščionys demokratai,68,151
0.82%,Kaišiadorių - Elektrėnų (Nr.59) apygarda,Nacionalinė centro partija,16,132
0.37%,Kaišiadorių - Elektrėnų (Nr.59) apygarda,Respublikonų partija,11,55
0.37%,Kaišiadorių - Elektrėnų (Nr.59) apygarda,Lietuvos socialdemokratų sąjunga,17,50
0.47%,Kaišiadorių - Elektrėnų (Nr.59) apygarda,Lietuvos laisvės sąjunga,37,48
0.23%,Kaišiadorių - Elektrėnų (Nr.59) apygarda,Tautinė partija Lietuvos kelias,10,31
0.18%,Kaišiadorių - Elektrėnų (Nr.59) apygarda,Lietuvių tautininkų sąjunga,11,22
39.62%,Trakų - Elektrėnų (Nr.58) apygarda,Darbo partija,1544,4242
14.78%,Trakų - Elektrėnų (Nr.58) apygarda,"A.Brazausko ir A.Paulausko koalicija ""Už darbą Lietuvai""",453,1705
8.99%,Trakų - Elektrėnų (Nr.58) apygarda,"Tėvynės sąjunga (konservatoriai, politiniai kaliniai ir tremtiniai, krikščioniškieji demokratai)",337,976
10.65%,Trakų - Elektrėnų (Nr.58) apygarda,"Rolando Pakso koalicija ""Už tvarką ir teisingumą""",282,1274
9.37%,Trakų - Elektrėnų (Nr.58) apygarda,Liberalų ir centro sąjunga,336,1032
5.24%,Trakų - Elektrėnų (Nr.58) apygarda,Valstiečių ir Naujosios demokratijos partijų sąjunga,221,544
7.90%,Trakų - Elektrėnų (Nr.58) apygarda,Lietuvos lenkų rinkimų akcija,300,854
1.13%,Trakų - Elektrėnų (Nr.58) apygarda,Krikščionių konservatorių socialinė sąjunga,55,110
0.51%,Trakų - Elektrėnų (Nr.58) apygarda,Lietuvos krikščionys demokratai,26,49
0.59%,Trakų - Elektrėnų (Nr.58) apygarda,Nacionalinė centro partija,34,52
0.27%,Trakų - Elektrėnų (Nr.58) apygarda,Respublikonų partija,11,29
0.34%,Trakų - Elektrėnų (Nr.58) apygarda,Lietuvos socialdemokratų sąjunga,15,34
0.24%,Trakų - Elektrėnų (Nr.58) apygarda,Lietuvos laisvės sąjunga,9,26
0.23%,Trakų - Elektrėnų (Nr.58) apygarda,Tautinė partija Lietuvos kelias,3,30
0.15%,Trakų - Elektrėnų (Nr.58) apygarda,Lietuvių tautininkų sąjunga,9,13
33.92%,Vilniaus - Trakų (Nr.57) apygarda,Darbo partija,1053,4618
9.49%,Vilniaus - Trakų (Nr.57) apygarda,"A.Brazausko ir A.Paulausko koalicija ""Už darbą Lietuvai""",164,1423
5.81%,Vilniaus - Trakų (Nr.57) apygarda,"Tėvynės sąjunga (konservatoriai, politiniai kaliniai ir tremtiniai, krikščioniškieji demokratai)",113,858
10.27%,Vilniaus - Trakų (Nr.57) apygarda,"Rolando Pakso koalicija ""Už tvarką ir teisingumą""",171,1546
4.58%,Vilniaus - Trakų (Nr.57) apygarda,Liberalų ir centro sąjunga,72,694
2.76%,Vilniaus - Trakų (Nr.57) apygarda,Valstiečių ir Naujosios demokratijos partijų sąjunga,69,393
30.80%,Vilniaus - Trakų (Nr.57) apygarda,Lietuvos lenkų rinkimų akcija,1608,3541
0.82%,Vilniaus - Trakų (Nr.57) apygarda,Krikščionių konservatorių socialinė sąjunga,19,118
0.39%,Vilniaus - Trakų (Nr.57) apygarda,Lietuvos krikščionys demokratai,7,58
0.25%,Vilniaus - Trakų (Nr.57) apygarda,Nacionalinė centro partija,2,40
0.28%,Vilniaus - Trakų (Nr.57) apygarda,Respublikonų partija,5,42
0.18%,Vilniaus - Trakų (Nr.57) apygarda,Lietuvos socialdemokratų sąjunga,5,25
0.13%,Vilniaus - Trakų (Nr.57) apygarda,Lietuvos laisvės sąjunga,4,18
0.15%,Vilniaus - Trakų (Nr.57) apygarda,Tautinė partija Lietuvos kelias,6,19
0.17%,Vilniaus - Trakų (Nr.57) apygarda,Lietuvių tautininkų sąjunga,6,23
22.15%,Vilniaus - Šalčininkų (Nr.56) apygarda,Darbo partija,772,3302
5.31%,Vilniaus - Šalčininkų (Nr.56) apygarda,"A.Brazausko ir A.Paulausko koalicija ""Už darbą Lietuvai""",198,778
2.38%,Vilniaus - Šalčininkų (Nr.56) apygarda,"Tėvynės sąjunga (konservatoriai, politiniai kaliniai ir tremtiniai, krikščioniškieji demokratai)",118,320
8.91%,Vilniaus - Šalčininkų (Nr.56) apygarda,"Rolando Pakso koalicija ""Už tvarką ir teisingumą""",256,1383
1.54%,Vilniaus - Šalčininkų (Nr.56) apygarda,Liberalų ir centro sąjunga,41,243
1.97%,Vilniaus - Šalčininkų (Nr.56) apygarda,Valstiečių ir Naujosios demokratijos partijų sąjunga,92,270
56.45%,Vilniaus - Šalčininkų (Nr.56) apygarda,Lietuvos lenkų rinkimų akcija,4262,6119
0.13%,Vilniaus - Šalčininkų (Nr.56) apygarda,Krikščionių konservatorių socialinė sąjunga,10,14
0.09%,Vilniaus - Šalčininkų (Nr.56) apygarda,Lietuvos krikščionys demokratai,2,14
0.14%,Vilniaus - Šalčininkų (Nr.56) apygarda,Nacionalinė centro partija,9,16
0.33%,Vilniaus - Šalčininkų (Nr.56) apygarda,Respublikonų partija,16,44
0.08%,Vilniaus - Šalčininkų (Nr.56) apygarda,Lietuvos socialdemokratų sąjunga,6,8
0.25%,Vilniaus - Šalčininkų (Nr.56) apygarda,Lietuvos laisvės sąjunga,17,29
0.09%,Vilniaus - Šalčininkų (Nr.56) apygarda,Tautinė partija Lietuvos kelias,3,13
0.20%,Vilniaus - Šalčininkų (Nr.56) apygarda,Lietuvių tautininkų sąjunga,12,24
29.43%,Širvintų - Vilniaus (Nr.55) apygarda,Darbo partija,1524,4194
13.95%,Širvintų - Vilniaus (Nr.55) apygarda,"A.Brazausko ir A.Paulausko koalicija ""Už darbą Lietuvai""",557,2153
7.42%,Širvintų - Vilniaus (Nr.55) apygarda,"Tėvynės sąjunga (konservatoriai, politiniai kaliniai ir tremtiniai, krikščioniškieji demokratai)",297,1145
7.78%,Širvintų - Vilniaus (Nr.55) apygarda,"Rolando Pakso koalicija ""Už tvarką ir teisingumą""",293,1219
6.37%,Širvintų - Vilniaus (Nr.55) apygarda,Liberalų ir centro sąjunga,179,1059
5.65%,Širvintų - Vilniaus (Nr.55) apygarda,Valstiečių ir Naujosios demokratijos partijų sąjunga,296,801
26.44%,Širvintų - Vilniaus (Nr.55) apygarda,Lietuvos lenkų rinkimų akcija,2291,2847
0.86%,Širvintų - Vilniaus (Nr.55) apygarda,Krikščionių konservatorių socialinė sąjunga,60,108
0.56%,Širvintų - Vilniaus (Nr.55) apygarda,Lietuvos krikščionys demokratai,30,79
0.29%,Širvintų - Vilniaus (Nr.55) apygarda,Nacionalinė centro partija,18,38
0.29%,Širvintų - Vilniaus (Nr.55) apygarda,Respublikonų partija,19,38
0.31%,Širvintų - Vilniaus (Nr.55) apygarda,Lietuvos socialdemokratų sąjunga,13,47
0.23%,Širvintų - Vilniaus (Nr.55) apygarda,Lietuvos laisvės sąjunga,21,24
0.18%,Širvintų - Vilniaus (Nr.55) apygarda,Tautinė partija Lietuvos kelias,12,23
0.24%,Širvintų - Vilniaus (Nr.55) apygarda,Lietuvių tautininkų sąjunga,15,32
30.46%,Molėtų - Švenčionių (Nr.54) apygarda,Darbo partija,1003,3629
21.08%,Molėtų - Švenčionių (Nr.54) apygarda,"A.Brazausko ir A.Paulausko koalicija ""Už darbą Lietuvai""",920,2286
8.13%,Molėtų - Švenčionių (Nr.54) apygarda,"Tėvynės sąjunga (konservatoriai, politiniai kaliniai ir tremtiniai, krikščioniškieji demokratai)",363,874
8.24%,Molėtų - Švenčionių (Nr.54) apygarda,"Rolando Pakso koalicija ""Už tvarką ir teisingumą""",284,969
5.12%,Molėtų - Švenčionių (Nr.54) apygarda,Liberalų ir centro sąjunga,131,648
11.36%,Molėtų - Švenčionių (Nr.54) apygarda,Valstiečių ir Naujosios demokratijos partijų sąjunga,519,1209
4.04%,Molėtų - Švenčionių (Nr.54) apygarda,Lietuvos lenkų rinkimų akcija,187,428
1.66%,Molėtų - Švenčionių (Nr.54) apygarda,Krikščionių konservatorių socialinė sąjunga,114,138
8.63%,Molėtų - Švenčionių (Nr.54) apygarda,Lietuvos krikščionys demokratai,387,925
0.19%,Molėtų - Švenčionių (Nr.54) apygarda,Nacionalinė centro partija,8,21
0.28%,Molėtų - Švenčionių (Nr.54) apygarda,Respublikonų partija,10,32
0.13%,Molėtų - Švenčionių (Nr.54) apygarda,Lietuvos socialdemokratų sąjunga,10,10
0.28%,Molėtų - Švenčionių (Nr.54) apygarda,Lietuvos laisvės sąjunga,20,23
0.16%,Molėtų - Švenčionių (Nr.54) apygarda,Tautinė partija Lietuvos kelias,11,14
0.22%,Molėtų - Švenčionių (Nr.54) apygarda,Lietuvių tautininkų sąjunga,9,25
33.49%,Ignalinos - Švenčionių (Nr.53) apygarda,Darbo partija,1459,4086
27.47%,Ignalinos - Švenčionių (Nr.53) apygarda,"A.Brazausko ir A.Paulausko koalicija ""Už darbą Lietuvai""",1787,2761
7.53%,Ignalinos - Švenčionių (Nr.53) apygarda,"Tėvynės sąjunga (konservatoriai, politiniai kaliniai ir tremtiniai, krikščioniškieji demokratai)",502,745
11.98%,Ignalinos - Švenčionių (Nr.53) apygarda,"Rolando Pakso koalicija ""Už tvarką ir teisingumą""",585,1399
4.16%,Ignalinos - Švenčionių (Nr.53) apygarda,Liberalų ir centro sąjunga,178,510
9.94%,Ignalinos - Švenčionių (Nr.53) apygarda,Valstiečių ir Naujosios demokratijos partijų sąjunga,556,1090
1.19%,Ignalinos - Švenčionių (Nr.53) apygarda,Lietuvos lenkų rinkimų akcija,74,123
1.32%,Ignalinos - Švenčionių (Nr.53) apygarda,Krikščionių konservatorių socialinė sąjunga,107,111
1.40%,Ignalinos - Švenčionių (Nr.53) apygarda,Lietuvos krikščionys demokratai,100,131
0.22%,Ignalinos - Švenčionių (Nr.53) apygarda,Nacionalinė centro partija,13,23
0.43%,Ignalinos - Švenčionių (Nr.53) apygarda,Respublikonų partija,28,43
0.28%,Ignalinos - Švenčionių (Nr.53) apygarda,Lietuvos socialdemokratų sąjunga,15,32
0.31%,Ignalinos - Švenčionių (Nr.53) apygarda,Lietuvos laisvės sąjunga,18,34
0.16%,Ignalinos - Švenčionių (Nr.53) apygarda,Tautinė partija Lietuvos kelias,10,16
0.13%,Ignalinos - Švenčionių (Nr.53) apygarda,Lietuvių tautininkų sąjunga,10,11
35.23%,Zarasų - Visagino (Nr.52) apygarda,Darbo partija,956,4305
19.32%,Zarasų - Visagino (Nr.52) apygarda,"A.Brazausko ir A.Paulausko koalicija ""Už darbą Lietuvai""",742,2143
6.06%,Zarasų - Visagino (Nr.52) apygarda,"Tėvynės sąjunga (konservatoriai, politiniai kaliniai ir tremtiniai, krikščioniškieji demokratai)",255,650
11.96%,Zarasų - Visagino (Nr.52) apygarda,"Rolando Pakso koalicija ""Už tvarką ir teisingumą""",268,1518
4.82%,Zarasų - Visagino (Nr.52) apygarda,Liberalų ir centro sąjunga,112,608
16.10%,Zarasų - Visagino (Nr.52) apygarda,Valstiečių ir Naujosios demokratijos partijų sąjunga,325,2080
3.02%,Zarasų - Visagino (Nr.52) apygarda,Lietuvos lenkų rinkimų akcija,44,407
0.98%,Zarasų - Visagino (Nr.52) apygarda,Krikščionių konservatorių socialinė sąjunga,60,86
0.93%,Zarasų - Visagino (Nr.52) apygarda,Lietuvos krikščionys demokratai,57,82
0.24%,Zarasų - Visagino (Nr.52) apygarda,Nacionalinė centro partija,12,24
0.48%,Zarasų - Visagino (Nr.52) apygarda,Respublikonų partija,17,54
0.43%,Zarasų - Visagino (Nr.52) apygarda,Lietuvos socialdemokratų sąjunga,15,49
0.22%,Zarasų - Visagino (Nr.52) apygarda,Lietuvos laisvės sąjunga,12,21
0.16%,Zarasų - Visagino (Nr.52) apygarda,Tautinė partija Lietuvos kelias,7,17
0.05%,Zarasų - Visagino (Nr.52) apygarda,Lietuvių tautininkų sąjunga,2,6
27.86%,Utenos (Nr.51) apygarda,Darbo partija,766,4373
28.75%,Utenos (Nr.51) apygarda,"A.Brazausko ir A.Paulausko koalicija ""Už darbą Lietuvai""",871,4432
18.39%,Utenos (Nr.51) apygarda,"Tėvynės sąjunga (konservatoriai, politiniai kaliniai ir tremtiniai, krikščioniškieji demokratai)",699,2694
8.71%,Utenos (Nr.51) apygarda,"Rolando Pakso koalicija ""Už tvarką ir teisingumą""",262,1345
5.60%,Utenos (Nr.51) apygarda,Liberalų ir centro sąjunga,157,876
5.26%,Utenos (Nr.51) apygarda,Valstiečių ir Naujosios demokratijos partijų sąjunga,186,784
0.11%,Utenos (Nr.51) apygarda,Lietuvos lenkų rinkimų akcija,7,13
2.28%,Utenos (Nr.51) apygarda,Krikščionių konservatorių socialinė sąjunga,138,282
1.38%,Utenos (Nr.51) apygarda,Lietuvos krikščionys demokratai,63,191
0.46%,Utenos (Nr.51) apygarda,Nacionalinė centro partija,23,61
0.33%,Utenos (Nr.51) apygarda,Respublikonų partija,15,46
0.37%,Utenos (Nr.51) apygarda,Lietuvos socialdemokratų sąjunga,17,51
0.17%,Utenos (Nr.51) apygarda,Lietuvos laisvės sąjunga,8,24
0.14%,Utenos (Nr.51) apygarda,Tautinė partija Lietuvos kelias,2,24
0.20%,Utenos (Nr.51) apygarda,Lietuvių tautininkų sąjunga,7,29
32.74%,Rokiškio (Nr.50) apygarda,Darbo partija,1032,4437
23.56%,Rokiškio (Nr.50) apygarda,"A.Brazausko ir A.Paulausko koalicija ""Už darbą Lietuvai""",761,3175
12.43%,Rokiškio (Nr.50) apygarda,"Tėvynės sąjunga (konservatoriai, politiniai kaliniai ir tremtiniai, krikščioniškieji demokratai)",513,1564
13.40%,Rokiškio (Nr.50) apygarda,"Rolando Pakso koalicija ""Už tvarką ir teisingumą""",376,1863
5.67%,Rokiškio (Nr.50) apygarda,Liberalų ir centro sąjunga,192,755
5.76%,Rokiškio (Nr.50) apygarda,Valstiečių ir Naujosios demokratijos partijų sąjunga,232,730
0.15%,Rokiškio (Nr.50) apygarda,Lietuvos lenkų rinkimų akcija,2,23
2.17%,Rokiškio (Nr.50) apygarda,Krikščionių konservatorių socialinė sąjunga,126,237
2.35%,Rokiškio (Nr.50) apygarda,Lietuvos krikščionys demokratai,128,264
0.44%,Rokiškio (Nr.50) apygarda,Nacionalinė centro partija,17,56
0.39%,Rokiškio (Nr.50) apygarda,Respublikonų partija,22,43
0.44%,Rokiškio (Nr.50) apygarda,Lietuvos socialdemokratų sąjunga,20,53
0.28%,Rokiškio (Nr.50) apygarda,Lietuvos laisvės sąjunga,21,26
0.10%,Rokiškio (Nr.50) apygarda,Tautinė partija Lietuvos kelias,2,15
0.13%,Rokiškio (Nr.50) apygarda,Lietuvių tautininkų sąjunga,9,12
31.20%,Anykščių - Kupiškio (Nr.49) apygarda,Darbo partija,1136,4412
21.51%,Anykščių - Kupiškio (Nr.49) apygarda,"A.Brazausko ir A.Paulausko koalicija ""Už darbą Lietuvai""",868,2957
16.56%,Anykščių - Kupiškio (Nr.49) apygarda,"Tėvynės sąjunga (konservatoriai, politiniai kaliniai ir tremtiniai, krikščioniškieji demokratai)",818,2127
10.78%,Anykščių - Kupiškio (Nr.49) apygarda,"Rolando Pakso koalicija ""Už tvarką ir teisingumą""",389,1528
5.52%,Anykščių - Kupiškio (Nr.49) apygarda,Liberalų ir centro sąjunga,206,776
8.61%,Anykščių - Kupiškio (Nr.49) apygarda,Valstiečių ir Naujosios demokratijos partijų sąjunga,332,1199
0.03%,Anykščių - Kupiškio (Nr.49) apygarda,Lietuvos lenkų rinkimų akcija,2,3
2.08%,Anykščių - Kupiškio (Nr.49) apygarda,Krikščionių konservatorių socialinė sąjunga,127,242
2.01%,Anykščių - Kupiškio (Nr.49) apygarda,Lietuvos krikščionys demokratai,139,219
0.48%,Anykščių - Kupiškio (Nr.49) apygarda,Nacionalinė centro partija,34,52
0.33%,Anykščių - Kupiškio (Nr.49) apygarda,Respublikonų partija,17,41
0.22%,Anykščių - Kupiškio (Nr.49) apygarda,Lietuvos socialdemokratų sąjunga,10,30
0.29%,Anykščių - Kupiškio (Nr.49) apygarda,Lietuvos laisvės sąjunga,20,32
0.20%,Anykščių - Kupiškio (Nr.49) apygarda,Tautinė partija Lietuvos kelias,16,20
0.17%,Anykščių - Kupiškio (Nr.49) apygarda,Lietuvių tautininkų sąjunga,14,16
30.42%,Biržų - Kupiškio (Nr.48) apygarda,Darbo partija,1284,4171
21.00%,Biržų - Kupiškio (Nr.48) apygarda,"A.Brazausko ir A.Paulausko koalicija ""Už darbą Lietuvai""",911,2855
15.86%,Biržų - Kupiškio (Nr.48) apygarda,"Tėvynės sąjunga (konservatoriai, politiniai kaliniai ir tremtiniai, krikščioniškieji demokratai)",804,2041
8.93%,Biržų - Kupiškio (Nr.48) apygarda,"Rolando Pakso koalicija ""Už tvarką ir teisingumą""",341,1260
4.61%,Biržų - Kupiškio (Nr.48) apygarda,Liberalų ir centro sąjunga,159,668
14.80%,Biržų - Kupiškio (Nr.48) apygarda,Valstiečių ir Naujosios demokratijos partijų sąjunga,673,1982
0.08%,Biržų - Kupiškio (Nr.48) apygarda,Lietuvos lenkų rinkimų akcija,1,13
1.64%,Biržų - Kupiškio (Nr.48) apygarda,Krikščionių konservatorių socialinė sąjunga,118,177
1.12%,Biržų - Kupiškio (Nr.48) apygarda,Lietuvos krikščionys demokratai,69,132
0.39%,Biržų - Kupiškio (Nr.48) apygarda,Nacionalinė centro partija,22,48
0.33%,Biržų - Kupiškio (Nr.48) apygarda,Respublikonų partija,13,46
0.22%,Biržų - Kupiškio (Nr.48) apygarda,Lietuvos socialdemokratų sąjunga,12,28
0.32%,Biržų - Kupiškio (Nr.48) apygarda,Lietuvos laisvės sąjunga,24,34
0.14%,Biržų - Kupiškio (Nr.48) apygarda,Tautinė partija Lietuvos kelias,8,18
0.12%,Biržų - Kupiškio (Nr.48) apygarda,Lietuvių tautininkų sąjunga,10,12
29.80%,Pasvalio - Panevėžio (Nr.47) apygarda,Darbo partija,1063,3842
22.96%,Pasvalio - Panevėžio (Nr.47) apygarda,"A.Brazausko ir A.Paulausko koalicija ""Už darbą Lietuvai""",849,2930
20.61%,Pasvalio - Panevėžio (Nr.47) apygarda,"Tėvynės sąjunga (konservatoriai, politiniai kaliniai ir tremtiniai, krikščioniškieji demokratai)",962,2430
7.65%,Pasvalio - Panevėžio (Nr.47) apygarda,"Rolando Pakso koalicija ""Už tvarką ir teisingumą""",278,981
4.04%,Pasvalio - Panevėžio (Nr.47) apygarda,Liberalų ir centro sąjunga,129,536
8.32%,Pasvalio - Panevėžio (Nr.47) apygarda,Valstiečių ir Naujosios demokratijos partijų sąjunga,353,1016
0.05%,Pasvalio - Panevėžio (Nr.47) apygarda,Lietuvos lenkų rinkimų akcija,5,3
1.77%,Pasvalio - Panevėžio (Nr.47) apygarda,Krikščionių konservatorių socialinė sąjunga,126,165
3.20%,Pasvalio - Panevėžio (Nr.47) apygarda,Lietuvos krikščionys demokratai,157,370
0.46%,Pasvalio - Panevėžio (Nr.47) apygarda,Nacionalinė centro partija,12,64
0.29%,Pasvalio - Panevėžio (Nr.47) apygarda,Respublikonų partija,9,39
0.36%,Pasvalio - Panevėžio (Nr.47) apygarda,Lietuvos socialdemokratų sąjunga,22,38
0.30%,Pasvalio - Panevėžio (Nr.47) apygarda,Lietuvos laisvės sąjunga,18,32
0.13%,Pasvalio - Panevėžio (Nr.47) apygarda,Tautinė partija Lietuvos kelias,6,15
0.05%,Pasvalio - Panevėžio (Nr.47) apygarda,Lietuvių tautininkų sąjunga,1,8
32.13%,Pakruojo - Joniškio (Nr.46) apygarda,Darbo partija,1006,4156
25.57%,Pakruojo - Joniškio (Nr.46) apygarda,"A.Brazausko ir A.Paulausko koalicija ""Už darbą Lietuvai""",949,3158
10.00%,Pakruojo - Joniškio (Nr.46) apygarda,"Tėvynės sąjunga (konservatoriai, politiniai kaliniai ir tremtiniai, krikščioniškieji demokratai)",459,1148
15.92%,Pakruojo - Joniškio (Nr.46) apygarda,"Rolando Pakso koalicija ""Už tvarką ir teisingumą""",490,2068
3.77%,Pakruojo - Joniškio (Nr.46) apygarda,Liberalų ir centro sąjunga,111,495
8.48%,Pakruojo - Joniškio (Nr.46) apygarda,Valstiečių ir Naujosios demokratijos partijų sąjunga,298,1065
0.07%,Pakruojo - Joniškio (Nr.46) apygarda,Lietuvos lenkų rinkimų akcija,3,8
1.49%,Pakruojo - Joniškio (Nr.46) apygarda,Krikščionių konservatorių socialinė sąjunga,80,159
0.92%,Pakruojo - Joniškio (Nr.46) apygarda,Lietuvos krikščionys demokratai,53,94
0.29%,Pakruojo - Joniškio (Nr.46) apygarda,Nacionalinė centro partija,15,31
0.45%,Pakruojo - Joniškio (Nr.46) apygarda,Respublikonų partija,29,43
0.33%,Pakruojo - Joniškio (Nr.46) apygarda,Lietuvos socialdemokratų sąjunga,19,34
0.34%,Pakruojo - Joniškio (Nr.46) apygarda,Lietuvos laisvės sąjunga,16,39
0.15%,Pakruojo - Joniškio (Nr.46) apygarda,Tautinė partija Lietuvos kelias,9,15
0.09%,Pakruojo - Joniškio (Nr.46) apygarda,Lietuvių tautininkų sąjunga,1,13
30.37%,Šiaulių kaimiškoji (Nr.45) apygarda,Darbo partija,604,3810
17.11%,Šiaulių kaimiškoji (Nr.45) apygarda,"A.Brazausko ir A.Paulausko koalicija ""Už darbą Lietuvai""",399,2088
9.96%,Šiaulių kaimiškoji (Nr.45) apygarda,"Tėvynės sąjunga (konservatoriai, politiniai kaliniai ir tremtiniai, krikščioniškieji demokratai)",254,1194
16.27%,Šiaulių kaimiškoji (Nr.45) apygarda,"Rolando Pakso koalicija ""Už tvarką ir teisingumą""",331,2033
6.15%,Šiaulių kaimiškoji (Nr.45) apygarda,Liberalų ir centro sąjunga,179,714
15.53%,Šiaulių kaimiškoji (Nr.45) apygarda,Valstiečių ir Naujosios demokratijos partijų sąjunga,399,1858
0.09%,Šiaulių kaimiškoji (Nr.45) apygarda,Lietuvos lenkų rinkimų akcija,3,10
1.70%,Šiaulių kaimiškoji (Nr.45) apygarda,Krikščionių konservatorių socialinė sąjunga,76,171
0.76%,Šiaulių kaimiškoji (Nr.45) apygarda,Lietuvos krikščionys demokratai,26,85
0.78%,Šiaulių kaimiškoji (Nr.45) apygarda,Nacionalinė centro partija,19,94
0.48%,Šiaulių kaimiškoji (Nr.45) apygarda,Respublikonų partija,12,58
0.12%,Šiaulių kaimiškoji (Nr.45) apygarda,Lietuvos socialdemokratų sąjunga,2,15
0.29%,Šiaulių kaimiškoji (Nr.45) apygarda,Lietuvos laisvės sąjunga,13,29
0.17%,Šiaulių kaimiškoji (Nr.45) apygarda,Tautinė partija Lietuvos kelias,3,21
0.22%,Šiaulių kaimiškoji (Nr.45) apygarda,Lietuvių tautininkų sąjunga,4,28
38.63%,Radviliškio (Nr.44) apygarda,Darbo partija,1379,5219
20.69%,Radviliškio (Nr.44) apygarda,"A.Brazausko ir A.Paulausko koalicija ""Už darbą Lietuvai""",610,2924
9.78%,Radviliškio (Nr.44) apygarda,"Tėvynės sąjunga (konservatoriai, politiniai kaliniai ir tremtiniai, krikščioniškieji demokratai)",351,1320
11.47%,Radviliškio (Nr.44) apygarda,"Rolando Pakso koalicija ""Už tvarką ir teisingumą""",278,1680
4.06%,Radviliškio (Nr.44) apygarda,Liberalų ir centro sąjunga,118,575
10.49%,Radviliškio (Nr.44) apygarda,Valstiečių ir Naujosios demokratijos partijų sąjunga,376,1416
0.12%,Radviliškio (Nr.44) apygarda,Lietuvos lenkų rinkimų akcija,2,19
1.85%,Radviliškio (Nr.44) apygarda,Krikščionių konservatorių socialinė sąjunga,97,219
1.42%,Radviliškio (Nr.44) apygarda,Lietuvos krikščionys demokratai,68,175
0.33%,Radviliškio (Nr.44) apygarda,Nacionalinė centro partija,20,37
0.36%,Radviliškio (Nr.44) apygarda,Respublikonų partija,9,52
0.40%,Radviliškio (Nr.44) apygarda,Lietuvos socialdemokratų sąjunga,9,59
0.20%,Radviliškio (Nr.44) apygarda,Lietuvos laisvės sąjunga,8,26
0.13%,Radviliškio (Nr.44) apygarda,Tautinė partija Lietuvos kelias,10,13
0.05%,Radviliškio (Nr.44) apygarda,Lietuvių tautininkų sąjunga,4,5
55.46%,Kėdainių (Nr.43) apygarda,Darbo partija,1521,9420
15.16%,Kėdainių (Nr.43) apygarda,"A.Brazausko ir A.Paulausko koalicija ""Už darbą Lietuvai""",429,2561
10.12%,Kėdainių (Nr.43) apygarda,"Tėvynės sąjunga (konservatoriai, politiniai kaliniai ir tremtiniai, krikščioniškieji demokratai)",293,1703
6.25%,Kėdainių (Nr.43) apygarda,"Rolando Pakso koalicija ""Už tvarką ir teisingumą""",121,1112
6.12%,Kėdainių (Nr.43) apygarda,Liberalų ir centro sąjunga,130,1078
4.20%,Kėdainių (Nr.43) apygarda,Valstiečių ir Naujosios demokratijos partijų sąjunga,110,719
0.09%,Kėdainių (Nr.43) apygarda,Lietuvos lenkų rinkimų akcija,5,13
1.04%,Kėdainių (Nr.43) apygarda,Krikščionių konservatorių socialinė sąjunga,58,147
0.47%,Kėdainių (Nr.43) apygarda,Lietuvos krikščionys demokratai,23,70
0.24%,Kėdainių (Nr.43) apygarda,Nacionalinė centro partija,4,43
0.18%,Kėdainių (Nr.43) apygarda,Respublikonų partija,5,30
0.22%,Kėdainių (Nr.43) apygarda,Lietuvos socialdemokratų sąjunga,6,37
0.19%,Kėdainių (Nr.43) apygarda,Lietuvos laisvės sąjunga,4,34
0.16%,Kėdainių (Nr.43) apygarda,Tautinė partija Lietuvos kelias,3,29
0.10%,Kėdainių (Nr.43) apygarda,Lietuvių tautininkų sąjunga,2,18
29.71%,Raseinių (Nr.42) apygarda,Darbo partija,1303,3845
27.61%,Raseinių (Nr.42) apygarda,"A.Brazausko ir A.Paulausko koalicija ""Už darbą Lietuvai""",926,3858
10.60%,Raseinių (Nr.42) apygarda,"Tėvynės sąjunga (konservatoriai, politiniai kaliniai ir tremtiniai, krikščioniškieji demokratai)",451,1386
16.29%,Raseinių (Nr.42) apygarda,"Rolando Pakso koalicija ""Už tvarką ir teisingumą""",704,2118
3.32%,Raseinių (Nr.42) apygarda,Liberalų ir centro sąjunga,127,449
6.85%,Raseinių (Nr.42) apygarda,Valstiečių ir Naujosios demokratijos partijų sąjunga,299,888
0.06%,Raseinių (Nr.42) apygarda,Lietuvos lenkų rinkimų akcija,3,8
2.44%,Raseinių (Nr.42) apygarda,Krikščionių konservatorių socialinė sąjunga,150,272
0.99%,Raseinių (Nr.42) apygarda,Lietuvos krikščionys demokratai,59,112
0.39%,Raseinių (Nr.42) apygarda,Nacionalinė centro partija,23,44
0.21%,Raseinių (Nr.42) apygarda,Respublikonų partija,9,28
0.70%,Raseinių (Nr.42) apygarda,Lietuvos socialdemokratų sąjunga,37,84
0.46%,Raseinių (Nr.42) apygarda,Lietuvos laisvės sąjunga,34,46
0.21%,Raseinių (Nr.42) apygarda,Tautinė partija Lietuvos kelias,11,26
0.16%,Raseinių (Nr.42) apygarda,Lietuvių tautininkų sąjunga,16,12
32.24%,Kelmės (Nr.41) apygarda,Darbo partija,914,3677
22.10%,Kelmės (Nr.41) apygarda,"A.Brazausko ir A.Paulausko koalicija ""Už darbą Lietuvai""",688,2459
10.86%,Kelmės (Nr.41) apygarda,"Tėvynės sąjunga (konservatoriai, politiniai kaliniai ir tremtiniai, krikščioniškieji demokratai)",354,1192
14.93%,Kelmės (Nr.41) apygarda,"Rolando Pakso koalicija ""Už tvarką ir teisingumą""",359,1767
5.01%,Kelmės (Nr.41) apygarda,Liberalų ir centro sąjunga,137,576
7.21%,Kelmės (Nr.41) apygarda,Valstiečių ir Naujosios demokratijos partijų sąjunga,265,762
0.01%,Kelmės (Nr.41) apygarda,Lietuvos lenkų rinkimų akcija, ,2
2.87%,Kelmės (Nr.41) apygarda,Krikščionių konservatorių socialinė sąjunga,177,231
3.20%,Kelmės (Nr.41) apygarda,Lietuvos krikščionys demokratai,129,326
0.37%,Kelmės (Nr.41) apygarda,Nacionalinė centro partija,13,39
0.37%,Kelmės (Nr.41) apygarda,Respublikonų partija,14,38
0.37%,Kelmės (Nr.41) apygarda,Lietuvos socialdemokratų sąjunga,19,34
0.29%,Kelmės (Nr.41) apygarda,Lietuvos laisvės sąjunga,15,27
0.13%,Kelmės (Nr.41) apygarda,Tautinė partija Lietuvos kelias,4,15
0.05%,Kelmės (Nr.41) apygarda,Lietuvių tautininkų sąjunga,1,6
23.53%,Telšių (Nr.40) apygarda,Darbo partija,933,3100
13.85%,Telšių (Nr.40) apygarda,"A.Brazausko ir A.Paulausko koalicija ""Už darbą Lietuvai""",597,1777
7.14%,Telšių (Nr.40) apygarda,"Tėvynės sąjunga (konservatoriai, politiniai kaliniai ir tremtiniai, krikščioniškieji demokratai)",207,1017
32.10%,Telšių (Nr.40) apygarda,"Rolando Pakso koalicija ""Už tvarką ir teisingumą""",774,4728
4.62%,Telšių (Nr.40) apygarda,Liberalų ir centro sąjunga,145,647
6.75%,Telšių (Nr.40) apygarda,Valstiečių ir Naujosios demokratijos partijų sąjunga,272,885
0.05%,Telšių (Nr.40) apygarda,Lietuvos lenkų rinkimų akcija,1,8
9.57%,Telšių (Nr.40) apygarda,Krikščionių konservatorių socialinė sąjunga,378,1263
1.00%,Telšių (Nr.40) apygarda,Lietuvos krikščionys demokratai,65,107
0.55%,Telšių (Nr.40) apygarda,Nacionalinė centro partija,18,77
0.27%,Telšių (Nr.40) apygarda,Respublikonų partija,8,39
0.09%,Telšių (Nr.40) apygarda,Lietuvos socialdemokratų sąjunga,4,11
0.19%,Telšių (Nr.40) apygarda,Lietuvos laisvės sąjunga,16,16
0.16%,Telšių (Nr.40) apygarda,Tautinė partija Lietuvos kelias,6,22
0.12%,Telšių (Nr.40) apygarda,Lietuvių tautininkų sąjunga,3,17
35.47%,Akmenės - Joniškio (Nr.39) apygarda,Darbo partija,759,4333
19.62%,Akmenės - Joniškio (Nr.39) apygarda,"A.Brazausko ir A.Paulausko koalicija ""Už darbą Lietuvai""",511,2305
8.84%,Akmenės - Joniškio (Nr.39) apygarda,"Tėvynės sąjunga (konservatoriai, politiniai kaliniai ir tremtiniai, krikščioniškieji demokratai)",288,981
19.82%,Akmenės - Joniškio (Nr.39) apygarda,"Rolando Pakso koalicija ""Už tvarką ir teisingumą""",439,2406
4.52%,Akmenės - Joniškio (Nr.39) apygarda,Liberalų ir centro sąjunga,115,534
7.95%,Akmenės - Joniškio (Nr.39) apygarda,Valstiečių ir Naujosios demokratijos partijų sąjunga,247,894
0.09%,Akmenės - Joniškio (Nr.39) apygarda,Lietuvos lenkų rinkimų akcija,3,10
1.44%,Akmenės - Joniškio (Nr.39) apygarda,Krikščionių konservatorių socialinė sąjunga,55,152
0.38%,Akmenės - Joniškio (Nr.39) apygarda,Lietuvos krikščionys demokratai,16,38
0.33%,Akmenės - Joniškio (Nr.39) apygarda,Nacionalinė centro partija,15,33
0.24%,Akmenės - Joniškio (Nr.39) apygarda,Respublikonų partija,4,31
0.08%,Akmenės - Joniškio (Nr.39) apygarda,Lietuvos socialdemokratų sąjunga,6,5
0.26%,Akmenės - Joniškio (Nr.39) apygarda,Lietuvos laisvės sąjunga,11,26
0.12%,Akmenės - Joniškio (Nr.39) apygarda,Tautinė partija Lietuvos kelias,4,13
0.84%,Akmenės - Joniškio (Nr.39) apygarda,Lietuvių tautininkų sąjunga,26,95
30.87%,Mažeikių (Nr.38) apygarda,Darbo partija,468,4224
19.16%,Mažeikių (Nr.38) apygarda,"A.Brazausko ir A.Paulausko koalicija ""Už darbą Lietuvai""",309,2602
8.67%,Mažeikių (Nr.38) apygarda,"Tėvynės sąjunga (konservatoriai, politiniai kaliniai ir tremtiniai, krikščioniškieji demokratai)",222,1095
21.89%,Mažeikių (Nr.38) apygarda,"Rolando Pakso koalicija ""Už tvarką ir teisingumą""",323,3003
5.45%,Mažeikių (Nr.38) apygarda,Liberalų ir centro sąjunga,112,716
8.28%,Mažeikių (Nr.38) apygarda,Valstiečių ir Naujosios demokratijos partijų sąjunga,169,1089
0.24%,Mažeikių (Nr.38) apygarda,Lietuvos lenkų rinkimų akcija,1,35
2.73%,Mažeikių (Nr.38) apygarda,Krikščionių konservatorių socialinė sąjunga,67,348
0.64%,Mažeikių (Nr.38) apygarda,Lietuvos krikščionys demokratai,20,77
0.44%,Mažeikių (Nr.38) apygarda,Nacionalinė centro partija,10,57
0.34%,Mažeikių (Nr.38) apygarda,Respublikonų partija,7,45
0.80%,Mažeikių (Nr.38) apygarda,Lietuvos socialdemokratų sąjunga,21,101
0.14%,Mažeikių (Nr.38) apygarda,Lietuvos laisvės sąjunga,4,18
0.24%,Mažeikių (Nr.38) apygarda,Tautinė partija Lietuvos kelias,5,32
0.11%,Mažeikių (Nr.38) apygarda,Lietuvių tautininkų sąjunga,2,15
30.92%,Skuodo  - Mažeikių (Nr.37) apygarda,Darbo partija,1032,3182
14.56%,Skuodo  - Mažeikių (Nr.37) apygarda,"A.Brazausko ir A.Paulausko koalicija ""Už darbą Lietuvai""",431,1553
11.02%,Skuodo  - Mažeikių (Nr.37) apygarda,"Tėvynės sąjunga (konservatoriai, politiniai kaliniai ir tremtiniai, krikščioniškieji demokratai)",425,1077
21.31%,Skuodo  - Mažeikių (Nr.37) apygarda,"Rolando Pakso koalicija ""Už tvarką ir teisingumą""",651,2254
3.22%,Skuodo  - Mažeikių (Nr.37) apygarda,Liberalų ir centro sąjunga,74,365
10.76%,Skuodo  - Mažeikių (Nr.37) apygarda,Valstiečių ir Naujosios demokratijos partijų sąjunga,433,1033
0.03%,Skuodo  - Mažeikių (Nr.37) apygarda,Lietuvos lenkų rinkimų akcija, ,4
3.72%,Skuodo  - Mažeikių (Nr.37) apygarda,Krikščionių konservatorių socialinė sąjunga,195,312
2.77%,Skuodo  - Mažeikių (Nr.37) apygarda,Lietuvos krikščionys demokratai,138,240
0.41%,Skuodo  - Mažeikių (Nr.37) apygarda,Nacionalinė centro partija,18,38
0.40%,Skuodo  - Mažeikių (Nr.37) apygarda,Respublikonų partija,22,33
0.37%,Skuodo  - Mažeikių (Nr.37) apygarda,Lietuvos socialdemokratų sąjunga,16,35
0.21%,Skuodo  - Mažeikių (Nr.37) apygarda,Lietuvos laisvės sąjunga,10,18
0.24%,Skuodo  - Mažeikių (Nr.37) apygarda,Tautinė partija Lietuvos kelias,6,27
0.05%,Skuodo  - Mažeikių (Nr.37) apygarda,Lietuvių tautininkų sąjunga, ,7
26.35%,Kretingos (Nr.36) apygarda,Darbo partija,598,3173
18.48%,Kretingos (Nr.36) apygarda,"A.Brazausko ir A.Paulausko koalicija ""Už darbą Lietuvai""",364,2281
14.06%,Kretingos (Nr.36) apygarda,"Tėvynės sąjunga (konservatoriai, politiniai kaliniai ir tremtiniai, krikščioniškieji demokratai)",360,1652
21.52%,Kretingos (Nr.36) apygarda,"Rolando Pakso koalicija ""Už tvarką ir teisingumą""",457,2622
6.09%,Kretingos (Nr.36) apygarda,Liberalų ir centro sąjunga,110,761
6.86%,Kretingos (Nr.36) apygarda,Valstiečių ir Naujosios demokratijos partijų sąjunga,172,809
0.03%,Kretingos (Nr.36) apygarda,Lietuvos lenkų rinkimų akcija, ,4
2.56%,Kretingos (Nr.36) apygarda,Krikščionių konservatorių socialinė sąjunga,81,286
2.63%,Kretingos (Nr.36) apygarda,Lietuvos krikščionys demokratai,107,270
0.40%,Kretingos (Nr.36) apygarda,Nacionalinė centro partija,9,48
0.27%,Kretingos (Nr.36) apygarda,Respublikonų partija,8,30
0.13%,Kretingos (Nr.36) apygarda,Lietuvos socialdemokratų sąjunga,7,12
0.26%,Kretingos (Nr.36) apygarda,Lietuvos laisvės sąjunga,11,26
0.17%,Kretingos (Nr.36) apygarda,Tautinė partija Lietuvos kelias, ,25
0.19%,Kretingos (Nr.36) apygarda,Lietuvių tautininkų sąjunga,6,21
31.67%,Plungės - Rietavo (Nr.35) apygarda,Darbo partija,913,4905
15.17%,Plungės - Rietavo (Nr.35) apygarda,"A.Brazausko ir A.Paulausko koalicija ""Už darbą Lietuvai""",428,2359
12.09%,Plungės - Rietavo (Nr.35) apygarda,"Tėvynės sąjunga (konservatoriai, politiniai kaliniai ir tremtiniai, krikščioniškieji demokratai)",450,1770
16.33%,Plungės - Rietavo (Nr.35) apygarda,"Rolando Pakso koalicija ""Už tvarką ir teisingumą""",367,2632
6.61%,Plungės - Rietavo (Nr.35) apygarda,Liberalų ir centro sąjunga,171,1043
9.25%,Plungės - Rietavo (Nr.35) apygarda,Valstiečių ir Naujosios demokratijos partijų sąjunga,260,1440
0.06%,Plungės - Rietavo (Nr.35) apygarda,Lietuvos lenkų rinkimų akcija,2,9
5.50%,Plungės - Rietavo (Nr.35) apygarda,Krikščionių konservatorių socialinė sąjunga,268,743
2.00%,Plungės - Rietavo (Nr.35) apygarda,Lietuvos krikščionys demokratai,85,283
0.33%,Plungės - Rietavo (Nr.35) apygarda,Nacionalinė centro partija,11,49
0.20%,Plungės - Rietavo (Nr.35) apygarda,Respublikonų partija,8,29
0.17%,Plungės - Rietavo (Nr.35) apygarda,Lietuvos socialdemokratų sąjunga,11,21
0.33%,Plungės - Rietavo (Nr.35) apygarda,Lietuvos laisvės sąjunga,13,48
0.15%,Plungės - Rietavo (Nr.35) apygarda,Tautinė partija Lietuvos kelias,7,20
0.13%,Plungės - Rietavo (Nr.35) apygarda,Lietuvių tautininkų sąjunga,8,16
25.69%,Tauragės (Nr.34) apygarda,Darbo partija,628,3057
24.15%,Tauragės (Nr.34) apygarda,"A.Brazausko ir A.Paulausko koalicija ""Už darbą Lietuvai""",619,2845
16.07%,Tauragės (Nr.34) apygarda,"Tėvynės sąjunga (konservatoriai, politiniai kaliniai ir tremtiniai, krikščioniškieji demokratai)",517,1788
11.53%,Tauragės (Nr.34) apygarda,"Rolando Pakso koalicija ""Už tvarką ir teisingumą""",234,1420
8.23%,Tauragės (Nr.34) apygarda,Liberalų ir centro sąjunga,189,992
8.13%,Tauragės (Nr.34) apygarda,Valstiečių ir Naujosios demokratijos partijų sąjunga,245,921
0.04%,Tauragės (Nr.34) apygarda,Lietuvos lenkų rinkimų akcija,1,5
3.97%,Tauragės (Nr.34) apygarda,Krikščionių konservatorių socialinė sąjunga,166,404
0.65%,Tauragės (Nr.34) apygarda,Lietuvos krikščionys demokratai,29,64
0.40%,Tauragės (Nr.34) apygarda,Nacionalinė centro partija,5,52
0.25%,Tauragės (Nr.34) apygarda,Respublikonų partija,7,29
0.15%,Tauragės (Nr.34) apygarda,Lietuvos socialdemokratų sąjunga,3,19
0.58%,Tauragės (Nr.34) apygarda,Lietuvos laisvės sąjunga,19,64
0.08%,Tauragės (Nr.34) apygarda,Tautinė partija Lietuvos kelias,2,10
0.06%,Tauragės (Nr.34) apygarda,Lietuvių tautininkų sąjunga,1,7
25.62%,Šilalės - Šilutės (Nr.33) apygarda,Darbo partija,671,3104
32.47%,Šilalės - Šilutės (Nr.33) apygarda,"A.Brazausko ir A.Paulausko koalicija ""Už darbą Lietuvai""",921,3864
14.04%,Šilalės - Šilutės (Nr.33) apygarda,"Tėvynės sąjunga (konservatoriai, politiniai kaliniai ir tremtiniai, krikščioniškieji demokratai)",465,1604
8.79%,Šilalės - Šilutės (Nr.33) apygarda,"Rolando Pakso koalicija ""Už tvarką ir teisingumą""",184,1111
5.35%,Šilalės - Šilutės (Nr.33) apygarda,Liberalų ir centro sąjunga,115,673
6.75%,Šilalės - Šilutės (Nr.33) apygarda,Valstiečių ir Naujosios demokratijos partijų sąjunga,191,804
0.17%,Šilalės - Šilutės (Nr.33) apygarda,Lietuvos lenkų rinkimų akcija,4,21
3.32%,Šilalės - Šilutės (Nr.33) apygarda,Krikščionių konservatorių socialinė sąjunga,202,288
1.21%,Šilalės - Šilutės (Nr.33) apygarda,Lietuvos krikščionys demokratai,40,139
0.43%,Šilalės - Šilutės (Nr.33) apygarda,Nacionalinė centro partija,16,48
0.30%,Šilalės - Šilutės (Nr.33) apygarda,Respublikonų partija,16,28
1.01%,Šilalės - Šilutės (Nr.33) apygarda,Lietuvos socialdemokratų sąjunga,35,114
0.28%,Šilalės - Šilutės (Nr.33) apygarda,Lietuvos laisvės sąjunga,17,24
0.15%,Šilalės - Šilutės (Nr.33) apygarda,Tautinė partija Lietuvos kelias,9,13
0.11%,Šilalės - Šilutės (Nr.33) apygarda,Lietuvių tautininkų sąjunga,3,13
26.92%,Šilutės - Pagėgių (Nr.32) apygarda,Darbo partija,572,3554
29.59%,Šilutės - Pagėgių (Nr.32) apygarda,"A.Brazausko ir A.Paulausko koalicija ""Už darbą Lietuvai""",1213,3322
10.15%,Šilutės - Pagėgių (Nr.32) apygarda,"Tėvynės sąjunga (konservatoriai, politiniai kaliniai ir tremtiniai, krikščioniškieji demokratai)",270,1285
12.44%,Šilutės - Pagėgių (Nr.32) apygarda,"Rolando Pakso koalicija ""Už tvarką ir teisingumą""",364,1542
8.77%,Šilutės - Pagėgių (Nr.32) apygarda,Liberalų ir centro sąjunga,186,1158
7.67%,Šilutės - Pagėgių (Nr.32) apygarda,Valstiečių ir Naujosios demokratijos partijų sąjunga,189,986
0.07%,Šilutės - Pagėgių (Nr.32) apygarda,Lietuvos lenkų rinkimų akcija,2,9
1.90%,Šilutės - Pagėgių (Nr.32) apygarda,Krikščionių konservatorių socialinė sąjunga,54,237
0.75%,Šilutės - Pagėgių (Nr.32) apygarda,Lietuvos krikščionys demokratai,17,98
0.57%,Šilutės - Pagėgių (Nr.32) apygarda,Nacionalinė centro partija,23,65
0.40%,Šilutės - Pagėgių (Nr.32) apygarda,Respublikonų partija,9,52
0.21%,Šilutės - Pagėgių (Nr.32) apygarda,Lietuvos socialdemokratų sąjunga,8,24
0.33%,Šilutės - Pagėgių (Nr.32) apygarda,Lietuvos laisvės sąjunga,17,34
0.18%,Šilutės - Pagėgių (Nr.32) apygarda,Tautinė partija Lietuvos kelias,8,20
0.05%,Šilutės - Pagėgių (Nr.32) apygarda,Lietuvių tautininkų sąjunga,3,4
27.97%,Gargždų (Nr.31) apygarda,Darbo partija,716,3431
18.51%,Gargždų (Nr.31) apygarda,"A.Brazausko ir A.Paulausko koalicija ""Už darbą Lietuvai""",474,2270
11.89%,Gargždų (Nr.31) apygarda,"Tėvynės sąjunga (konservatoriai, politiniai kaliniai ir tremtiniai, krikščioniškieji demokratai)",389,1374
16.09%,Gargždų (Nr.31) apygarda,"Rolando Pakso koalicija ""Už tvarką ir teisingumą""",330,2055
8.45%,Gargždų (Nr.31) apygarda,Liberalų ir centro sąjunga,181,1072
9.59%,Gargždų (Nr.31) apygarda,Valstiečių ir Naujosios demokratijos partijų sąjunga,261,1161
0.10%,Gargždų (Nr.31) apygarda,Lietuvos lenkų rinkimų akcija,1,14
2.89%,Gargždų (Nr.31) apygarda,Krikščionių konservatorių socialinė sąjunga,157,272
2.52%,Gargždų (Nr.31) apygarda,Lietuvos krikščionys demokratai,103,271
0.65%,Gargždų (Nr.31) apygarda,Nacionalinė centro partija,15,82
0.45%,Gargždų (Nr.31) apygarda,Respublikonų partija,11,56
0.16%,Gargždų (Nr.31) apygarda,Lietuvos socialdemokratų sąjunga,6,17
0.35%,Gargždų (Nr.31) apygarda,Lietuvos laisvės sąjunga,15,37
0.24%,Gargždų (Nr.31) apygarda,Tautinė partija Lietuvos kelias,6,30
0.12%,Gargždų (Nr.31) apygarda,Lietuvių tautininkų sąjunga,1,17
27.86%,Alytaus (Nr.30) apygarda,Darbo partija,511,4398
31.26%,Alytaus (Nr.30) apygarda,"A.Brazausko ir A.Paulausko koalicija ""Už darbą Lietuvai""",494,5014
13.27%,Alytaus (Nr.30) apygarda,"Tėvynės sąjunga (konservatoriai, politiniai kaliniai ir tremtiniai, krikščioniškieji demokratai)",266,2072
10.21%,Alytaus (Nr.30) apygarda,"Rolando Pakso koalicija ""Už tvarką ir teisingumą""",135,1664
8.29%,Alytaus (Nr.30) apygarda,Liberalų ir centro sąjunga,133,1327
4.66%,Alytaus (Nr.30) apygarda,Valstiečių ir Naujosios demokratijos partijų sąjunga,77,744
0.07%,Alytaus (Nr.30) apygarda,Lietuvos lenkų rinkimų akcija,1,12
1.03%,Alytaus (Nr.30) apygarda,Krikščionių konservatorių socialinė sąjunga,23,158
1.50%,Alytaus (Nr.30) apygarda,Lietuvos krikščionys demokratai,27,237
0.41%,Alytaus (Nr.30) apygarda,Nacionalinė centro partija,4,68
0.22%,Alytaus (Nr.30) apygarda,Respublikonų partija,2,36
0.19%,Alytaus (Nr.30) apygarda,Lietuvos socialdemokratų sąjunga,1,32
0.32%,Alytaus (Nr.30) apygarda,Lietuvos laisvės sąjunga,33,23
0.19%,Alytaus (Nr.30) apygarda,Tautinė partija Lietuvos kelias,4,29
0.54%,Alytaus (Nr.30) apygarda,Lietuvių tautininkų sąjunga,15,80
25.66%,Marijampolės (Nr.29) apygarda,Darbo partija,470,3332
26.64%,Marijampolės (Nr.29) apygarda,"A.Brazausko ir A.Paulausko koalicija ""Už darbą Lietuvai""",349,3599
16.71%,Marijampolės (Nr.29) apygarda,"Tėvynės sąjunga (konservatoriai, politiniai kaliniai ir tremtiniai, krikščioniškieji demokratai)",315,2161
12.71%,Marijampolės (Nr.29) apygarda,"Rolando Pakso koalicija ""Už tvarką ir teisingumą""",151,1732
7.96%,Marijampolės (Nr.29) apygarda,Liberalų ir centro sąjunga,117,1062
5.74%,Marijampolės (Nr.29) apygarda,Valstiečių ir Naujosios demokratijos partijų sąjunga,98,752
0.05%,Marijampolės (Nr.29) apygarda,Lietuvos lenkų rinkimų akcija,1,6
1.58%,Marijampolės (Nr.29) apygarda,Krikščionių konservatorių socialinė sąjunga,21,213
1.03%,Marijampolės (Nr.29) apygarda,Lietuvos krikščionys demokratai,20,133
0.38%,Marijampolės (Nr.29) apygarda,Nacionalinė centro partija,3,54
0.25%,Marijampolės (Nr.29) apygarda,Respublikonų partija,3,34
0.81%,Marijampolės (Nr.29) apygarda,Lietuvos socialdemokratų sąjunga,18,102
0.22%,Marijampolės (Nr.29) apygarda,Lietuvos laisvės sąjunga,16,17
0.17%,Marijampolės (Nr.29) apygarda,Tautinė partija Lietuvos kelias,1,24
0.09%,Marijampolės (Nr.29) apygarda,Lietuvių tautininkų sąjunga,3,11
29.56%,Aukštaitijos (Nr.28) apygarda,Darbo partija,798,4522
20.46%,Aukštaitijos (Nr.28) apygarda,"A.Brazausko ir A.Paulausko koalicija ""Už darbą Lietuvai""",557,3126
15.61%,Aukštaitijos (Nr.28) apygarda,"Tėvynės sąjunga (konservatoriai, politiniai kaliniai ir tremtiniai, krikščioniškieji demokratai)",544,2266
9.62%,Aukštaitijos (Nr.28) apygarda,"Rolando Pakso koalicija ""Už tvarką ir teisingumą""",241,1491
7.21%,Aukštaitijos (Nr.28) apygarda,Liberalų ir centro sąjunga,183,1114
9.75%,Aukštaitijos (Nr.28) apygarda,Valstiečių ir Naujosios demokratijos partijų sąjunga,286,1469
0.13%,Aukštaitijos (Nr.28) apygarda,Lietuvos lenkų rinkimų akcija,2,21
2.56%,Aukštaitijos (Nr.28) apygarda,Krikščionių konservatorių socialinė sąjunga,121,340
3.41%,Aukštaitijos (Nr.28) apygarda,Lietuvos krikščionys demokratai,138,475
0.52%,Aukštaitijos (Nr.28) apygarda,Nacionalinė centro partija,20,73
0.38%,Aukštaitijos (Nr.28) apygarda,Respublikonų partija,12,56
0.24%,Aukštaitijos (Nr.28) apygarda,Lietuvos socialdemokratų sąjunga,6,38
0.30%,Aukštaitijos (Nr.28) apygarda,Lietuvos laisvės sąjunga,9,45
0.17%,Aukštaitijos (Nr.28) apygarda,Tautinė partija Lietuvos kelias,7,23
0.08%,Aukštaitijos (Nr.28) apygarda,Lietuvių tautininkų sąjunga,7,7
27.25%,Vakarinė (Nr.27) apygarda,Darbo partija,321,4668
23.49%,Vakarinė (Nr.27) apygarda,"A.Brazausko ir A.Paulausko koalicija ""Už darbą Lietuvai""",362,3939
15.76%,Vakarinė (Nr.27) apygarda,"Tėvynės sąjunga (konservatoriai, politiniai kaliniai ir tremtiniai, krikščioniškieji demokratai)",291,2595
10.67%,Vakarinė (Nr.27) apygarda,"Rolando Pakso koalicija ""Už tvarką ir teisingumą""",116,1838
9.78%,Vakarinė (Nr.27) apygarda,Liberalų ir centro sąjunga,167,1623
6.25%,Vakarinė (Nr.27) apygarda,Valstiečių ir Naujosios demokratijos partijų sąjunga,91,1053
0.13%,Vakarinė (Nr.27) apygarda,Lietuvos lenkų rinkimų akcija,3,20
2.74%,Vakarinė (Nr.27) apygarda,Krikščionių konservatorių socialinė sąjunga,44,457
2.12%,Vakarinė (Nr.27) apygarda,Lietuvos krikščionys demokratai,50,339
0.51%,Vakarinė (Nr.27) apygarda,Nacionalinė centro partija,6,88
0.27%,Vakarinė (Nr.27) apygarda,Respublikonų partija,6,44
0.17%,Vakarinė (Nr.27) apygarda,Lietuvos socialdemokratų sąjunga,3,28
0.55%,Vakarinė (Nr.27) apygarda,Lietuvos laisvės sąjunga,9,91
0.22%,Vakarinė (Nr.27) apygarda,Tautinė partija Lietuvos kelias,7,34
0.09%,Vakarinė (Nr.27) apygarda,Lietuvių tautininkų sąjunga,3,14
25.54%,Nevėžio (Nr.26) apygarda,Darbo partija,447,4147
19.81%,Nevėžio (Nr.26) apygarda,"A.Brazausko ir A.Paulausko koalicija ""Už darbą Lietuvai""",404,3159
20.26%,Nevėžio (Nr.26) apygarda,"Tėvynės sąjunga (konservatoriai, politiniai kaliniai ir tremtiniai, krikščioniškieji demokratai)",472,3172
11.86%,Nevėžio (Nr.26) apygarda,"Rolando Pakso koalicija ""Už tvarką ir teisingumą""",145,1989
8.94%,Nevėžio (Nr.26) apygarda,Liberalų ir centro sąjunga,162,1446
5.74%,Nevėžio (Nr.26) apygarda,Valstiečių ir Naujosios demokratijos partijų sąjunga,111,921
0.14%,Nevėžio (Nr.26) apygarda,Lietuvos lenkų rinkimų akcija,2,24
3.10%,Nevėžio (Nr.26) apygarda,Krikščionių konservatorių socialinė sąjunga,80,477
2.84%,Nevėžio (Nr.26) apygarda,Lietuvos krikščionys demokratai,108,403
0.51%,Nevėžio (Nr.26) apygarda,Nacionalinė centro partija,10,81
0.42%,Nevėžio (Nr.26) apygarda,Respublikonų partija,6,69
0.26%,Nevėžio (Nr.26) apygarda,Lietuvos socialdemokratų sąjunga,4,43
0.33%,Nevėžio (Nr.26) apygarda,Lietuvos laisvės sąjunga,12,48
0.19%,Nevėžio (Nr.26) apygarda,Tautinė partija Lietuvos kelias,4,31
0.07%,Nevėžio (Nr.26) apygarda,Lietuvių tautininkų sąjunga,1,12
31.55%,Dainų (Nr.25) apygarda,Darbo partija,278,4351
23.81%,Dainų (Nr.25) apygarda,"A.Brazausko ir A.Paulausko koalicija ""Už darbą Lietuvai""",258,3235
9.79%,Dainų (Nr.25) apygarda,"Tėvynės sąjunga (konservatoriai, politiniai kaliniai ir tremtiniai, krikščioniškieji demokratai)",161,1275
12.35%,Dainų (Nr.25) apygarda,"Rolando Pakso koalicija ""Už tvarką ir teisingumą""",116,1696
9.79%,Dainų (Nr.25) apygarda,Liberalų ir centro sąjunga,145,1292
7.50%,Dainų (Nr.25) apygarda,Valstiečių ir Naujosios demokratijos partijų sąjunga,94,1006
0.27%,Dainų (Nr.25) apygarda,Lietuvos lenkų rinkimų akcija,3,37
1.64%,Dainų (Nr.25) apygarda,Krikščionių konservatorių socialinė sąjunga,31,210
0.49%,Dainų (Nr.25) apygarda,Lietuvos krikščionys demokratai,14,58
1.03%,Dainų (Nr.25) apygarda,Nacionalinė centro partija,8,143
1.03%,Dainų (Nr.25) apygarda,Respublikonų partija,8,143
0.18%,Dainų (Nr.25) apygarda,Lietuvos socialdemokratų sąjunga,3,23
0.19%,Dainų (Nr.25) apygarda,Lietuvos laisvės sąjunga,3,25
0.22%,Dainų (Nr.25) apygarda,Tautinė partija Lietuvos kelias,1,31
0.17%,Dainų (Nr.25) apygarda,Lietuvių tautininkų sąjunga,3,22
30.75%,Saulės (Nr.24) apygarda,Darbo partija,632,3994
20.65%,Saulės (Nr.24) apygarda,"A.Brazausko ir A.Paulausko koalicija ""Už darbą Lietuvai""",290,2817
12.77%,Saulės (Nr.24) apygarda,"Tėvynės sąjunga (konservatoriai, politiniai kaliniai ir tremtiniai, krikščioniškieji demokratai)",219,1702
13.39%,Saulės (Nr.24) apygarda,"Rolando Pakso koalicija ""Už tvarką ir teisingumą""",189,1825
9.05%,Saulės (Nr.24) apygarda,Liberalų ir centro sąjunga,113,1248
7.58%,Saulės (Nr.24) apygarda,Valstiečių ir Naujosios demokratijos partijų sąjunga,174,966
0.36%,Saulės (Nr.24) apygarda,Lietuvos lenkų rinkimų akcija,7,47
1.89%,Saulės (Nr.24) apygarda,Krikščionių konservatorių socialinė sąjunga,36,249
0.57%,Saulės (Nr.24) apygarda,Lietuvos krikščionys demokratai,19,67
0.89%,Saulės (Nr.24) apygarda,Nacionalinė centro partija,16,118
1.30%,Saulės (Nr.24) apygarda,Respublikonų partija,17,179
0.19%,Saulės (Nr.24) apygarda,Lietuvos socialdemokratų sąjunga,2,27
0.33%,Saulės (Nr.24) apygarda,Lietuvos laisvės sąjunga,34,15
0.17%,Saulės (Nr.24) apygarda,Tautinė partija Lietuvos kelias,4,21
0.12%,Saulės (Nr.24) apygarda,Lietuvių tautininkų sąjunga,2,16
25.86%,Aušros (Nr.23) apygarda,Darbo partija,288,3645
23.00%,Aušros (Nr.23) apygarda,"A.Brazausko ir A.Paulausko koalicija ""Už darbą Lietuvai""",318,3179
14.57%,Aušros (Nr.23) apygarda,"Tėvynės sąjunga (konservatoriai, politiniai kaliniai ir tremtiniai, krikščioniškieji demokratai)",249,1966
13.45%,Aušros (Nr.23) apygarda,"Rolando Pakso koalicija ""Už tvarką ir teisingumą""",133,1912
10.84%,Aušros (Nr.23) apygarda,Liberalų ir centro sąjunga,156,1493
6.45%,Aušros (Nr.23) apygarda,Valstiečių ir Naujosios demokratijos partijų sąjunga,103,878
0.39%,Aušros (Nr.23) apygarda,Lietuvos lenkų rinkimų akcija,2,58
1.52%,Aušros (Nr.23) apygarda,Krikščionių konservatorių socialinė sąjunga,30,201
0.62%,Aušros (Nr.23) apygarda,Lietuvos krikščionys demokratai,13,81
1.18%,Aušros (Nr.23) apygarda,Nacionalinė centro partija,19,160
1.14%,Aušros (Nr.23) apygarda,Respublikonų partija,17,157
0.27%,Aušros (Nr.23) apygarda,Lietuvos socialdemokratų sąjunga,3,38
0.22%,Aušros (Nr.23) apygarda,Lietuvos laisvės sąjunga,8,26
0.22%,Aušros (Nr.23) apygarda,Tautinė partija Lietuvos kelias,7,27
0.26%,Aušros (Nr.23) apygarda,Lietuvių tautininkų sąjunga,8,31
30.24%,Pajūrio (Nr.22) apygarda,Darbo partija,476,4589
17.76%,Pajūrio (Nr.22) apygarda,"A.Brazausko ir A.Paulausko koalicija ""Už darbą Lietuvai""",336,2638
13.42%,Pajūrio (Nr.22) apygarda,"Tėvynės sąjunga (konservatoriai, politiniai kaliniai ir tremtiniai, krikščioniškieji demokratai)",267,1980
12.39%,Pajūrio (Nr.22) apygarda,"Rolando Pakso koalicija ""Už tvarką ir teisingumą""",173,1903
12.65%,Pajūrio (Nr.22) apygarda,Liberalų ir centro sąjunga,200,1919
6.57%,Pajūrio (Nr.22) apygarda,Valstiečių ir Naujosios demokratijos partijų sąjunga,119,982
1.71%,Pajūrio (Nr.22) apygarda,Lietuvos lenkų rinkimų akcija,38,248
2.35%,Pajūrio (Nr.22) apygarda,Krikščionių konservatorių socialinė sąjunga,63,330
0.67%,Pajūrio (Nr.22) apygarda,Lietuvos krikščionys demokratai,17,96
0.84%,Pajūrio (Nr.22) apygarda,Nacionalinė centro partija,16,124
0.41%,Pajūrio (Nr.22) apygarda,Respublikonų partija,6,63
0.20%,Pajūrio (Nr.22) apygarda,Lietuvos socialdemokratų sąjunga,3,30
0.30%,Pajūrio (Nr.22) apygarda,Lietuvos laisvės sąjunga,9,41
0.38%,Pajūrio (Nr.22) apygarda,Tautinė partija Lietuvos kelias,2,61
0.12%,Pajūrio (Nr.22) apygarda,Lietuvių tautininkų sąjunga,1,19
30.89%,Marių (Nr.21) apygarda,Darbo partija,235,4103
17.00%,Marių (Nr.21) apygarda,"A.Brazausko ir A.Paulausko koalicija ""Už darbą Lietuvai""",169,2218
10.40%,Marių (Nr.21) apygarda,"Tėvynės sąjunga (konservatoriai, politiniai kaliniai ir tremtiniai, krikščioniškieji demokratai)",130,1331
11.12%,Marių (Nr.21) apygarda,"Rolando Pakso koalicija ""Už tvarką ir teisingumą""",75,1487
14.28%,Marių (Nr.21) apygarda,Liberalų ir centro sąjunga,128,1878
7.93%,Marių (Nr.21) apygarda,Valstiečių ir Naujosios demokratijos partijų sąjunga,70,1044
3.64%,Marių (Nr.21) apygarda,Lietuvos lenkų rinkimų akcija,34,477
1.86%,Marių (Nr.21) apygarda,Krikščionių konservatorių socialinė sąjunga,23,238
0.66%,Marių (Nr.21) apygarda,Lietuvos krikščionys demokratai,9,84
0.59%,Marių (Nr.21) apygarda,Nacionalinė centro partija,7,76
0.36%,Marių (Nr.21) apygarda,Respublikonų partija,3,48
0.23%,Marių (Nr.21) apygarda,Lietuvos socialdemokratų sąjunga,4,28
0.53%,Marių (Nr.21) apygarda,Lietuvos laisvės sąjunga,10,64
0.38%,Marių (Nr.21) apygarda,Tautinė partija Lietuvos kelias,2,52
0.13%,Marių (Nr.21) apygarda,Lietuvių tautininkų sąjunga,4,14
29.60%,Baltijos (Nr.20) apygarda,Darbo partija,372,4352
14.92%,Baltijos (Nr.20) apygarda,"A.Brazausko ir A.Paulausko koalicija ""Už darbą Lietuvai""",202,2179
13.99%,Baltijos (Nr.20) apygarda,"Tėvynės sąjunga (konservatoriai, politiniai kaliniai ir tremtiniai, krikščioniškieji demokratai)",242,1991
13.15%,Baltijos (Nr.20) apygarda,"Rolando Pakso koalicija ""Už tvarką ir teisingumą""",129,1969
11.27%,Baltijos (Nr.20) apygarda,Liberalų ir centro sąjunga,151,1647
8.56%,Baltijos (Nr.20) apygarda,Valstiečių ir Naujosios demokratijos partijų sąjunga,101,1265
3.33%,Baltijos (Nr.20) apygarda,Lietuvos lenkų rinkimų akcija,44,487
2.63%,Baltijos (Nr.20) apygarda,Krikščionių konservatorių socialinė sąjunga,44,376
0.61%,Baltijos (Nr.20) apygarda,Lietuvos krikščionys demokratai,8,89
0.59%,Baltijos (Nr.20) apygarda,Nacionalinė centro partija,3,91
0.26%,Baltijos (Nr.20) apygarda,Respublikonų partija,4,38
0.34%,Baltijos (Nr.20) apygarda,Lietuvos socialdemokratų sąjunga,7,48
0.22%,Baltijos (Nr.20) apygarda,Lietuvos laisvės sąjunga,6,29
0.36%,Baltijos (Nr.20) apygarda,Tautinė partija Lietuvos kelias,1,56
0.18%,Baltijos (Nr.20) apygarda,Lietuvių tautininkų sąjunga,2,27
25.99%,Danės (Nr.19) apygarda,Darbo partija,330,4269
16.47%,Danės (Nr.19) apygarda,"A.Brazausko ir A.Paulausko koalicija ""Už darbą Lietuvai""",283,2631
15.03%,Danės (Nr.19) apygarda,"Tėvynės sąjunga (konservatoriai, politiniai kaliniai ir tremtiniai, krikščioniškieji demokratai)",307,2352
12.86%,Danės (Nr.19) apygarda,"Rolando Pakso koalicija ""Už tvarką ir teisingumą""",161,2115
14.18%,Danės (Nr.19) apygarda,Liberalų ir centro sąjunga,185,2325
7.24%,Danės (Nr.19) apygarda,Valstiečių ir Naujosios demokratijos partijų sąjunga,91,1190
2.80%,Danės (Nr.19) apygarda,Lietuvos lenkų rinkimų akcija,30,466
2.24%,Danės (Nr.19) apygarda,Krikščionių konservatorių socialinė sąjunga,47,350
0.95%,Danės (Nr.19) apygarda,Lietuvos krikščionys demokratai,19,150
0.72%,Danės (Nr.19) apygarda,Nacionalinė centro partija,10,117
0.41%,Danės (Nr.19) apygarda,Respublikonų partija,7,65
0.20%,Danės (Nr.19) apygarda,Lietuvos socialdemokratų sąjunga,6,30
0.34%,Danės (Nr.19) apygarda,Lietuvos laisvės sąjunga,6,54
0.44%,Danės (Nr.19) apygarda,Tautinė partija Lietuvos kelias,5,72
0.14%,Danės (Nr.19) apygarda,Lietuvių tautininkų sąjunga,2,22
28.50%,Panemunės (Nr.18) apygarda,Darbo partija,563,4104
19.80%,Panemunės (Nr.18) apygarda,"A.Brazausko ir A.Paulausko koalicija ""Už darbą Lietuvai""",294,2948
19.39%,Panemunės (Nr.18) apygarda,"Tėvynės sąjunga (konservatoriai, politiniai kaliniai ir tremtiniai, krikščioniškieji demokratai)",321,2855
8.27%,Panemunės (Nr.18) apygarda,"Rolando Pakso koalicija ""Už tvarką ir teisingumą""",97,1258
10.95%,Panemunės (Nr.18) apygarda,Liberalų ir centro sąjunga,141,1652
5.75%,Panemunės (Nr.18) apygarda,Valstiečių ir Naujosios demokratijos partijų sąjunga,68,874
0.87%,Panemunės (Nr.18) apygarda,Lietuvos lenkų rinkimų akcija,13,130
2.01%,Panemunės (Nr.18) apygarda,Krikščionių konservatorių socialinė sąjunga,45,284
2.34%,Panemunės (Nr.18) apygarda,Lietuvos krikščionys demokratai,73,310
0.55%,Panemunės (Nr.18) apygarda,Nacionalinė centro partija,15,75
0.39%,Panemunės (Nr.18) apygarda,Respublikonų partija,6,58
0.37%,Panemunės (Nr.18) apygarda,Lietuvos socialdemokratų sąjunga,26,34
0.31%,Panemunės (Nr.18) apygarda,Lietuvos laisvės sąjunga,16,34
0.31%,Panemunės (Nr.18) apygarda,Tautinė partija Lietuvos kelias,5,45
0.20%,Panemunės (Nr.18) apygarda,Lietuvių tautininkų sąjunga,6,27
25.13%,Pramonės (Nr.17) apygarda,Darbo partija,356,3536
21.28%,Pramonės (Nr.17) apygarda,"A.Brazausko ir A.Paulausko koalicija ""Už darbą Lietuvai""",315,2980
22.75%,Pramonės (Nr.17) apygarda,"Tėvynės sąjunga (konservatoriai, politiniai kaliniai ir tremtiniai, krikščioniškieji demokratai)",404,3119
8.59%,Pramonės (Nr.17) apygarda,"Rolando Pakso koalicija ""Už tvarką ir teisingumą""",135,1196
11.95%,Pramonės (Nr.17) apygarda,Liberalų ir centro sąjunga,145,1705
4.83%,Pramonės (Nr.17) apygarda,Valstiečių ir Naujosios demokratijos partijų sąjunga,88,660
0.50%,Pramonės (Nr.17) apygarda,Lietuvos lenkų rinkimų akcija,7,70
1.88%,Pramonės (Nr.17) apygarda,Krikščionių konservatorių socialinė sąjunga,33,258
1.10%,Pramonės (Nr.17) apygarda,Lietuvos krikščionys demokratai,32,139
0.46%,Pramonės (Nr.17) apygarda,Nacionalinė centro partija,11,61
0.41%,Pramonės (Nr.17) apygarda,Respublikonų partija,8,56
0.25%,Pramonės (Nr.17) apygarda,Lietuvos socialdemokratų sąjunga,7,32
0.32%,Pramonės (Nr.17) apygarda,Lietuvos laisvės sąjunga,12,38
0.25%,Pramonės (Nr.17) apygarda,Tautinė partija Lietuvos kelias,7,32
0.28%,Pramonės (Nr.17) apygarda,Lietuvių tautininkų sąjunga,8,36
25.19%,Dainavos (Nr.16) apygarda,Darbo partija,269,3727
21.32%,Dainavos (Nr.16) apygarda,"A.Brazausko ir A.Paulausko koalicija ""Už darbą Lietuvai""",234,3149
21.01%,Dainavos (Nr.16) apygarda,"Tėvynės sąjunga (konservatoriai, politiniai kaliniai ir tremtiniai, krikščioniškieji demokratai)",342,2991
8.91%,Dainavos (Nr.16) apygarda,"Rolando Pakso koalicija ""Už tvarką ir teisingumą""",94,1319
13.32%,Dainavos (Nr.16) apygarda,Liberalų ir centro sąjunga,145,1969
5.20%,Dainavos (Nr.16) apygarda,Valstiečių ir Naujosios demokratijos partijų sąjunga,68,757
0.29%,Dainavos (Nr.16) apygarda,Lietuvos lenkų rinkimų akcija,4,42
2.00%,Dainavos (Nr.16) apygarda,Krikščionių konservatorių socialinė sąjunga,30,287
1.05%,Dainavos (Nr.16) apygarda,Lietuvos krikščionys demokratai,17,150
0.47%,Dainavos (Nr.16) apygarda,Nacionalinė centro partija,6,69
0.32%,Dainavos (Nr.16) apygarda,Respublikonų partija,5,46
0.25%,Dainavos (Nr.16) apygarda,Lietuvos socialdemokratų sąjunga,2,37
0.32%,Dainavos (Nr.16) apygarda,Lietuvos laisvės sąjunga,6,44
0.20%,Dainavos (Nr.16) apygarda,Tautinė partija Lietuvos kelias,1,30
0.16%,Dainavos (Nr.16) apygarda,Lietuvių tautininkų sąjunga,2,24
24.88%,Kalniečių (Nr.15) apygarda,Darbo partija,283,3615
21.78%,Kalniečių (Nr.15) apygarda,"A.Brazausko ir A.Paulausko koalicija ""Už darbą Lietuvai""",239,3173
22.55%,Kalniečių (Nr.15) apygarda,"Tėvynės sąjunga (konservatoriai, politiniai kaliniai ir tremtiniai, krikščioniškieji demokratai)",341,3193
7.25%,Kalniečių (Nr.15) apygarda,"Rolando Pakso koalicija ""Už tvarką ir teisingumą""",75,1061
12.39%,Kalniečių (Nr.15) apygarda,Liberalų ir centro sąjunga,116,1826
5.40%,Kalniečių (Nr.15) apygarda,Valstiečių ir Naujosios demokratijos partijų sąjunga,69,777
0.40%,Kalniečių (Nr.15) apygarda,Lietuvos lenkų rinkimų akcija,4,59
2.18%,Kalniečių (Nr.15) apygarda,Krikščionių konservatorių socialinė sąjunga,42,300
1.01%,Kalniečių (Nr.15) apygarda,Lietuvos krikščionys demokratai,16,142
0.51%,Kalniečių (Nr.15) apygarda,Nacionalinė centro partija,4,76
0.36%,Kalniečių (Nr.15) apygarda,Respublikonų partija,7,50
0.49%,Kalniečių (Nr.15) apygarda,Lietuvos socialdemokratų sąjunga,6,70
0.35%,Kalniečių (Nr.15) apygarda,Lietuvos laisvės sąjunga,9,46
0.24%,Kalniečių (Nr.15) apygarda,Tautinė partija Lietuvos kelias,3,34
0.21%,Kalniečių (Nr.15) apygarda,Lietuvių tautininkų sąjunga,4,29
21.71%,Žaliakalnio (Nr.14) apygarda,Darbo partija,231,3267
20.63%,Žaliakalnio (Nr.14) apygarda,"A.Brazausko ir A.Paulausko koalicija ""Už darbą Lietuvai""",206,3117
28.54%,Žaliakalnio (Nr.14) apygarda,"Tėvynės sąjunga (konservatoriai, politiniai kaliniai ir tremtiniai, krikščioniškieji demokratai)",427,4171
7.13%,Žaliakalnio (Nr.14) apygarda,"Rolando Pakso koalicija ""Už tvarką ir teisingumą""",67,1082
12.13%,Žaliakalnio (Nr.14) apygarda,Liberalų ir centro sąjunga,137,1818
4.14%,Žaliakalnio (Nr.14) apygarda,Valstiečių ir Naujosios demokratijos partijų sąjunga,49,618
0.29%,Žaliakalnio (Nr.14) apygarda,Lietuvos lenkų rinkimų akcija,4,43
1.99%,Žaliakalnio (Nr.14) apygarda,Krikščionių konservatorių socialinė sąjunga,29,291
1.12%,Žaliakalnio (Nr.14) apygarda,Lietuvos krikščionys demokratai,23,158
0.55%,Žaliakalnio (Nr.14) apygarda,Nacionalinė centro partija,7,81
0.37%,Žaliakalnio (Nr.14) apygarda,Respublikonų partija,10,50
0.48%,Žaliakalnio (Nr.14) apygarda,Lietuvos socialdemokratų sąjunga,8,70
0.39%,Žaliakalnio (Nr.14) apygarda,Lietuvos laisvės sąjunga,4,59
0.30%,Žaliakalnio (Nr.14) apygarda,Tautinė partija Lietuvos kelias, ,48
0.22%,Žaliakalnio (Nr.14) apygarda,Lietuvių tautininkų sąjunga,4,32
20.55%,Centro (Nr.13) apygarda,Darbo partija,332,2889
21.11%,Centro (Nr.13) apygarda,"A.Brazausko ir A.Paulausko koalicija ""Už darbą Lietuvai""",312,2997
27.85%,Centro (Nr.13) apygarda,"Tėvynės sąjunga (konservatoriai, politiniai kaliniai ir tremtiniai, krikščioniškieji demokratai)",498,3868
7.02%,Centro (Nr.13) apygarda,"Rolando Pakso koalicija ""Už tvarką ir teisingumą""",95,1006
13.32%,Centro (Nr.13) apygarda,Liberalų ir centro sąjunga,162,1926
4.67%,Centro (Nr.13) apygarda,Valstiečių ir Naujosios demokratijos partijų sąjunga,78,654
0.38%,Centro (Nr.13) apygarda,Lietuvos lenkų rinkimų akcija,6,53
1.74%,Centro (Nr.13) apygarda,Krikščionių konservatorių socialinė sąjunga,37,235
1.24%,Centro (Nr.13) apygarda,Lietuvos krikščionys demokratai,38,157
0.59%,Centro (Nr.13) apygarda,Nacionalinė centro partija,14,78
0.42%,Centro (Nr.13) apygarda,Respublikonų partija,4,62
0.24%,Centro (Nr.13) apygarda,Lietuvos socialdemokratų sąjunga,5,32
0.31%,Centro (Nr.13) apygarda,Lietuvos laisvės sąjunga,9,40
0.27%,Centro (Nr.13) apygarda,Tautinė partija Lietuvos kelias,6,37
0.29%,Centro (Nr.13) apygarda,Lietuvių tautininkų sąjunga,3,42
26.30%,Aleksoto -  Vilijampolės (Nr.12) apygarda,Darbo partija,490,4241
20.30%,Aleksoto -  Vilijampolės (Nr.12) apygarda,"A.Brazausko ir A.Paulausko koalicija ""Už darbą Lietuvai""",337,3315
21.28%,Aleksoto -  Vilijampolės (Nr.12) apygarda,"Tėvynės sąjunga (konservatoriai, politiniai kaliniai ir tremtiniai, krikščioniškieji demokratai)",431,3397
8.33%,Aleksoto -  Vilijampolės (Nr.12) apygarda,"Rolando Pakso koalicija ""Už tvarką ir teisingumą""",133,1365
11.89%,Aleksoto -  Vilijampolės (Nr.12) apygarda,Liberalų ir centro sąjunga,177,1962
5.32%,Aleksoto -  Vilijampolės (Nr.12) apygarda,Valstiečių ir Naujosios demokratijos partijų sąjunga,111,847
0.20%,Aleksoto -  Vilijampolės (Nr.12) apygarda,Lietuvos lenkų rinkimų akcija,10,26
2.42%,Aleksoto -  Vilijampolės (Nr.12) apygarda,Krikščionių konservatorių socialinė sąjunga,63,373
1.56%,Aleksoto -  Vilijampolės (Nr.12) apygarda,Lietuvos krikščionys demokratai,39,242
0.69%,Aleksoto -  Vilijampolės (Nr.12) apygarda,Nacionalinė centro partija,11,114
0.31%,Aleksoto -  Vilijampolės (Nr.12) apygarda,Respublikonų partija,6,50
0.16%,Aleksoto -  Vilijampolės (Nr.12) apygarda,Lietuvos socialdemokratų sąjunga,4,24
0.44%,Aleksoto -  Vilijampolės (Nr.12) apygarda,Lietuvos laisvės sąjunga,22,58
0.31%,Aleksoto -  Vilijampolės (Nr.12) apygarda,Tautinė partija Lietuvos kelias,5,50
0.49%,Aleksoto -  Vilijampolės (Nr.12) apygarda,Lietuvių tautininkų sąjunga,8,80
24.50%,Šilainių (Nr.11) apygarda,Darbo partija,317,4394
22.40%,Šilainių (Nr.11) apygarda,"A.Brazausko ir A.Paulausko koalicija ""Už darbą Lietuvai""",258,4050
20.74%,Šilainių (Nr.11) apygarda,"Tėvynės sąjunga (konservatoriai, politiniai kaliniai ir tremtiniai, krikščioniškieji demokratai)",317,3672
8.12%,Šilainių (Nr.11) apygarda,"Rolando Pakso koalicija ""Už tvarką ir teisingumą""",90,1472
12.65%,Šilainių (Nr.11) apygarda,Liberalų ir centro sąjunga,126,2306
6.13%,Šilainių (Nr.11) apygarda,Valstiečių ir Naujosios demokratijos partijų sąjunga,89,1089
0.21%,Šilainių (Nr.11) apygarda,Lietuvos lenkų rinkimų akcija,5,36
1.84%,Šilainių (Nr.11) apygarda,Krikščionių konservatorių socialinė sąjunga,33,320
1.40%,Šilainių (Nr.11) apygarda,Lietuvos krikščionys demokratai,29,241
0.63%,Šilainių (Nr.11) apygarda,Nacionalinė centro partija,8,113
0.35%,Šilainių (Nr.11) apygarda,Respublikonų partija,5,62
0.29%,Šilainių (Nr.11) apygarda,Lietuvos socialdemokratų sąjunga, ,56
0.27%,Šilainių (Nr.11) apygarda,Lietuvos laisvės sąjunga,8,43
0.23%,Šilainių (Nr.11) apygarda,Tautinė partija Lietuvos kelias,1,43
0.24%,Šilainių (Nr.11) apygarda,Lietuvių tautininkų sąjunga,1,46
31.01%,Naujosios Vilnios (Nr.10) apygarda,Darbo partija,349,3781
9.99%,Naujosios Vilnios (Nr.10) apygarda,"A.Brazausko ir A.Paulausko koalicija ""Už darbą Lietuvai""",168,1163
8.25%,Naujosios Vilnios (Nr.10) apygarda,"Tėvynės sąjunga (konservatoriai, politiniai kaliniai ir tremtiniai, krikščioniškieji demokratai)",135,963
16.23%,Naujosios Vilnios (Nr.10) apygarda,"Rolando Pakso koalicija ""Už tvarką ir teisingumą""",151,2010
10.55%,Naujosios Vilnios (Nr.10) apygarda,Liberalų ir centro sąjunga,178,1227
4.09%,Naujosios Vilnios (Nr.10) apygarda,Valstiečių ir Naujosios demokratijos partijų sąjunga,65,479
17.24%,Naujosios Vilnios (Nr.10) apygarda,Lietuvos lenkų rinkimų akcija,196,2100
0.71%,Naujosios Vilnios (Nr.10) apygarda,Krikščionių konservatorių socialinė sąjunga,12,82
0.39%,Naujosios Vilnios (Nr.10) apygarda,Lietuvos krikščionys demokratai,6,46
0.38%,Naujosios Vilnios (Nr.10) apygarda,Nacionalinė centro partija,6,45
0.32%,Naujosios Vilnios (Nr.10) apygarda,Respublikonų partija,3,39
0.29%,Naujosios Vilnios (Nr.10) apygarda,Lietuvos socialdemokratų sąjunga,3,35
0.28%,Naujosios Vilnios (Nr.10) apygarda,Lietuvos laisvės sąjunga,7,30
0.15%,Naujosios Vilnios (Nr.10) apygarda,Tautinė partija Lietuvos kelias,1,19
0.14%,Naujosios Vilnios (Nr.10) apygarda,Lietuvių tautininkų sąjunga,1,17
24.65%,Lazdynų (Nr.9) apygarda,Darbo partija,431,4380
14.77%,Lazdynų (Nr.9) apygarda,"A.Brazausko ir A.Paulausko koalicija ""Už darbą Lietuvai""",352,2532
16.32%,Lazdynų (Nr.9) apygarda,"Tėvynės sąjunga (konservatoriai, politiniai kaliniai ir tremtiniai, krikščioniškieji demokratai)",466,2720
9.77%,Lazdynų (Nr.9) apygarda,"Rolando Pakso koalicija ""Už tvarką ir teisingumą""",148,1759
18.17%,Lazdynų (Nr.9) apygarda,Liberalų ir centro sąjunga,316,3230
4.19%,Lazdynų (Nr.9) apygarda,Valstiečių ir Naujosios demokratijos partijų sąjunga,93,725
8.79%,Lazdynų (Nr.9) apygarda,Lietuvos lenkų rinkimų akcija,120,1596
1.12%,Lazdynų (Nr.9) apygarda,Krikščionių konservatorių socialinė sąjunga,27,192
0.55%,Lazdynų (Nr.9) apygarda,Lietuvos krikščionys demokratai,13,95
0.51%,Lazdynų (Nr.9) apygarda,Nacionalinė centro partija,14,85
0.25%,Lazdynų (Nr.9) apygarda,Respublikonų partija,7,41
0.24%,Lazdynų (Nr.9) apygarda,Lietuvos socialdemokratų sąjunga,4,43
0.12%,Lazdynų (Nr.9) apygarda,Lietuvos laisvės sąjunga,2,22
0.32%,Lazdynų (Nr.9) apygarda,Tautinė partija Lietuvos kelias,10,53
0.23%,Lazdynų (Nr.9) apygarda,Lietuvių tautininkų sąjunga,7,38
24.20%,Karoliniškių (Nr.8) apygarda,Darbo partija,330,4957
16.55%,Karoliniškių (Nr.8) apygarda,"A.Brazausko ir A.Paulausko koalicija ""Už darbą Lietuvai""",381,3234
19.33%,Karoliniškių (Nr.8) apygarda,"Tėvynės sąjunga (konservatoriai, politiniai kaliniai ir tremtiniai, krikščioniškieji demokratai)",521,3702
9.90%,Karoliniškių (Nr.8) apygarda,"Rolando Pakso koalicija ""Už tvarką ir teisingumą""",131,2031
15.19%,Karoliniškių (Nr.8) apygarda,Liberalų ir centro sąjunga,291,3027
3.84%,Karoliniškių (Nr.8) apygarda,Valstiečių ir Naujosios demokratijos partijų sąjunga,78,761
7.68%,Karoliniškių (Nr.8) apygarda,Lietuvos lenkų rinkimų akcija,94,1584
1.16%,Karoliniškių (Nr.8) apygarda,Krikščionių konservatorių socialinė sąjunga,30,224
0.47%,Karoliniškių (Nr.8) apygarda,Lietuvos krikščionys demokratai,8,95
0.49%,Karoliniškių (Nr.8) apygarda,Nacionalinė centro partija,11,96
0.29%,Karoliniškių (Nr.8) apygarda,Respublikonų partija,10,54
0.20%,Karoliniškių (Nr.8) apygarda,Lietuvos socialdemokratų sąjunga,5,39
0.20%,Karoliniškių (Nr.8) apygarda,Lietuvos laisvės sąjunga,5,39
0.22%,Karoliniškių (Nr.8) apygarda,Tautinė partija Lietuvos kelias,7,41
0.28%,Karoliniškių (Nr.8) apygarda,Lietuvių tautininkų sąjunga,3,58
21.86%,Justiniškių (Nr.7) apygarda,Darbo partija,267,4203
18.18%,Justiniškių (Nr.7) apygarda,"A.Brazausko ir A.Paulausko koalicija ""Už darbą Lietuvai""",323,3394
16.08%,Justiniškių (Nr.7) apygarda,"Tėvynės sąjunga (konservatoriai, politiniai kaliniai ir tremtiniai, krikščioniškieji demokratai)",339,2948
9.36%,Justiniškių (Nr.7) apygarda,"Rolando Pakso koalicija ""Už tvarką ir teisingumą""",133,1780
18.76%,Justiniškių (Nr.7) apygarda,Liberalų ir centro sąjunga,319,3516
4.06%,Justiniškių (Nr.7) apygarda,Valstiečių ir Naujosios demokratijos partijų sąjunga,59,771
7.25%,Justiniškių (Nr.7) apygarda,Lietuvos lenkų rinkimų akcija,77,1406
1.22%,Justiniškių (Nr.7) apygarda,Krikščionių konservatorių socialinė sąjunga,20,230
0.72%,Justiniškių (Nr.7) apygarda,Lietuvos krikščionys demokratai,15,133
0.63%,Justiniškių (Nr.7) apygarda,Nacionalinė centro partija,13,115
0.37%,Justiniškių (Nr.7) apygarda,Respublikonų partija,1,74
0.81%,Justiniškių (Nr.7) apygarda,Lietuvos socialdemokratų sąjunga,6,160
0.11%,Justiniškių (Nr.7) apygarda,Lietuvos laisvės sąjunga,1,21
0.34%,Justiniškių (Nr.7) apygarda,Tautinė partija Lietuvos kelias,5,65
0.25%,Justiniškių (Nr.7) apygarda,Lietuvių tautininkų sąjunga,3,48
23.72%,Šeškinės (Nr.6) apygarda,Darbo partija,314,3949
17.85%,Šeškinės (Nr.6) apygarda,"A.Brazausko ir A.Paulausko koalicija ""Už darbą Lietuvai""",365,2843
17.72%,Šeškinės (Nr.6) apygarda,"Tėvynės sąjunga (konservatoriai, politiniai kaliniai ir tremtiniai, krikščioniškieji demokratai)",400,2784
11.64%,Šeškinės (Nr.6) apygarda,"Rolando Pakso koalicija ""Už tvarką ir teisingumą""",161,1930
14.21%,Šeškinės (Nr.6) apygarda,Liberalų ir centro sąjunga,256,2298
3.91%,Šeškinės (Nr.6) apygarda,Valstiečių ir Naujosios demokratijos partijų sąjunga,60,642
7.87%,Šeškinės (Nr.6) apygarda,Lietuvos lenkų rinkimų akcija,80,1334
1.13%,Šeškinės (Nr.6) apygarda,Krikščionių konservatorių socialinė sąjunga,25,178
0.50%,Šeškinės (Nr.6) apygarda,Lietuvos krikščionys demokratai,9,80
0.50%,Šeškinės (Nr.6) apygarda,Nacionalinė centro partija,8,81
0.32%,Šeškinės (Nr.6) apygarda,Respublikonų partija,4,54
0.19%,Šeškinės (Nr.6) apygarda,Lietuvos socialdemokratų sąjunga,1,34
0.09%,Šeškinės (Nr.6) apygarda,Lietuvos laisvės sąjunga,1,16
0.16%,Šeškinės (Nr.6) apygarda,Tautinė partija Lietuvos kelias,1,28
0.18%,Šeškinės (Nr.6) apygarda,Lietuvių tautininkų sąjunga,2,31
19.81%,Fabijoniškių (Nr.5) apygarda,Darbo partija,231,3899
20.77%,Fabijoniškių (Nr.5) apygarda,"A.Brazausko ir A.Paulausko koalicija ""Už darbą Lietuvai""",412,3919
16.44%,Fabijoniškių (Nr.5) apygarda,"Tėvynės sąjunga (konservatoriai, politiniai kaliniai ir tremtiniai, krikščioniškieji demokratai)",344,3083
7.65%,Fabijoniškių (Nr.5) apygarda,"Rolando Pakso koalicija ""Už tvarką ir teisingumą""",108,1486
20.93%,Fabijoniškių (Nr.5) apygarda,Liberalų ir centro sąjunga,330,4033
4.43%,Fabijoniškių (Nr.5) apygarda,Valstiečių ir Naujosios demokratijos partijų sąjunga,65,859
6.47%,Fabijoniškių (Nr.5) apygarda,Lietuvos lenkų rinkimų akcija,84,1265
1.06%,Fabijoniškių (Nr.5) apygarda,Krikščionių konservatorių socialinė sąjunga,20,201
0.58%,Fabijoniškių (Nr.5) apygarda,Lietuvos krikščionys demokratai,10,110
0.59%,Fabijoniškių (Nr.5) apygarda,Nacionalinė centro partija,13,110
0.25%,Fabijoniškių (Nr.5) apygarda,Respublikonų partija,3,49
0.32%,Fabijoniškių (Nr.5) apygarda,Lietuvos socialdemokratų sąjunga,7,59
0.10%,Fabijoniškių (Nr.5) apygarda,Lietuvos laisvės sąjunga,3,17
0.28%,Fabijoniškių (Nr.5) apygarda,Tautinė partija Lietuvos kelias,8,50
0.34%,Fabijoniškių (Nr.5) apygarda,Lietuvių tautininkų sąjunga,2,68
20.83%,Žirmūnų (Nr.4) apygarda,Darbo partija,367,4125
17.25%,Žirmūnų (Nr.4) apygarda,"A.Brazausko ir A.Paulausko koalicija ""Už darbą Lietuvai""",446,3273
20.16%,Žirmūnų (Nr.4) apygarda,"Tėvynės sąjunga (konservatoriai, politiniai kaliniai ir tremtiniai, krikščioniškieji demokratai)",641,3707
9.74%,Žirmūnų (Nr.4) apygarda,"Rolando Pakso koalicija ""Už tvarką ir teisingumą""",196,1904
16.06%,Žirmūnų (Nr.4) apygarda,Liberalų ir centro sąjunga,357,3107
3.79%,Žirmūnų (Nr.4) apygarda,Valstiečių ir Naujosios demokratijos partijų sąjunga,76,742
8.36%,Žirmūnų (Nr.4) apygarda,Lietuvos lenkų rinkimų akcija,140,1663
1.16%,Žirmūnų (Nr.4) apygarda,Krikščionių konservatorių socialinė sąjunga,28,223
0.86%,Žirmūnų (Nr.4) apygarda,Lietuvos krikščionys demokratai,26,160
0.53%,Žirmūnų (Nr.4) apygarda,Nacionalinė centro partija,13,102
0.26%,Žirmūnų (Nr.4) apygarda,Respublikonų partija,9,47
0.30%,Žirmūnų (Nr.4) apygarda,Lietuvos socialdemokratų sąjunga,9,55
0.11%,Žirmūnų (Nr.4) apygarda,Lietuvos laisvės sąjunga,2,22
0.38%,Žirmūnų (Nr.4) apygarda,Tautinė partija Lietuvos kelias,10,73
0.19%,Žirmūnų (Nr.4) apygarda,Lietuvių tautininkų sąjunga,2,38
18.55%,Antakalnio (Nr.3) apygarda,Darbo partija,475,3429
17.57%,Antakalnio (Nr.3) apygarda,"A.Brazausko ir A.Paulausko koalicija ""Už darbą Lietuvai""",538,3160
22.44%,Antakalnio (Nr.3) apygarda,"Tėvynės sąjunga (konservatoriai, politiniai kaliniai ir tremtiniai, krikščioniškieji demokratai)",749,3974
8.92%,Antakalnio (Nr.3) apygarda,"Rolando Pakso koalicija ""Už tvarką ir teisingumą""",184,1694
18.17%,Antakalnio (Nr.3) apygarda,Liberalų ir centro sąjunga,382,3442
3.64%,Antakalnio (Nr.3) apygarda,Valstiečių ir Naujosios demokratijos partijų sąjunga,107,659
6.91%,Antakalnio (Nr.3) apygarda,Lietuvos lenkų rinkimų akcija,163,1292
1.20%,Antakalnio (Nr.3) apygarda,Krikščionių konservatorių socialinė sąjunga,32,220
0.79%,Antakalnio (Nr.3) apygarda,Lietuvos krikščionys demokratai,29,138
0.48%,Antakalnio (Nr.3) apygarda,Nacionalinė centro partija,13,89
0.21%,Antakalnio (Nr.3) apygarda,Respublikonų partija,1,44
0.32%,Antakalnio (Nr.3) apygarda,Lietuvos socialdemokratų sąjunga,4,64
0.16%,Antakalnio (Nr.3) apygarda,Lietuvos laisvės sąjunga,6,28
0.33%,Antakalnio (Nr.3) apygarda,Tautinė partija Lietuvos kelias,15,55
0.30%,Antakalnio (Nr.3) apygarda,Lietuvių tautininkų sąjunga,5,58
19.97%,Senamiesčio (Nr.2) apygarda,Darbo partija,446,2995
16.11%,Senamiesčio (Nr.2) apygarda,"A.Brazausko ir A.Paulausko koalicija ""Už darbą Lietuvai""",366,2410
20.79%,Senamiesčio (Nr.2) apygarda,"Tėvynės sąjunga (konservatoriai, politiniai kaliniai ir tremtiniai, krikščioniškieji demokratai)",555,3028
9.60%,Senamiesčio (Nr.2) apygarda,"Rolando Pakso koalicija ""Už tvarką ir teisingumą""",190,1465
18.71%,Senamiesčio (Nr.2) apygarda,Liberalų ir centro sąjunga,388,2836
3.70%,Senamiesčio (Nr.2) apygarda,Valstiečių ir Naujosios demokratijos partijų sąjunga,76,561
6.78%,Senamiesčio (Nr.2) apygarda,Lietuvos lenkų rinkimų akcija,102,1067
1.38%,Senamiesčio (Nr.2) apygarda,Krikščionių konservatorių socialinė sąjunga,20,218
0.78%,Senamiesčio (Nr.2) apygarda,Lietuvos krikščionys demokratai,21,113
0.60%,Senamiesčio (Nr.2) apygarda,Nacionalinė centro partija,6,98
0.34%,Senamiesčio (Nr.2) apygarda,Respublikonų partija,14,45
0.41%,Senamiesčio (Nr.2) apygarda,Lietuvos socialdemokratų sąjunga,10,61
0.17%,Senamiesčio (Nr.2) apygarda,Lietuvos laisvės sąjunga,12,17
0.24%,Senamiesčio (Nr.2) apygarda,Tautinė partija Lietuvos kelias,7,35
0.40%,Senamiesčio (Nr.2) apygarda,Lietuvių tautininkų sąjunga,9,60
