kandidatas,apygarda,nuo_galiojanciu_biuleteniu,balsadezeje,nuo_rinkeju,pastu,apylinke
Irena DEGUTIENĖ,,44.77%,887,43.77%,3179,Balsavimas LR diplomatinėse atstovybėse
Algirdas GRICIUS,,15.62%,342,15.27%,1076,Balsavimas LR diplomatinėse atstovybėse
Gintautas BUŽINSKAS,,7.21%,179,7.05%,476,Balsavimas LR diplomatinėse atstovybėse
Marija Aušrinė PAVILIONIENĖ,,4.87%,105,4.76%,337,Balsavimas LR diplomatinėse atstovybėse
Giedrė PURVANECKIENĖ,,7.54%,156,7.37%,529,Balsavimas LR diplomatinėse atstovybėse
Vytas NAVICKAS,,4.87%,112,4.76%,330,Balsavimas LR diplomatinėse atstovybėse
Nikolajus MANANIKOVAS,,2.07%,52,2.02%,136,Balsavimas LR diplomatinėse atstovybėse
Tadeuš ANDŽEJEVSKI,,0.79%,28,0.78%,44,Balsavimas LR diplomatinėse atstovybėse
Audronė NEKROŠIENĖ,,4.05%,105,3.96%,263,Balsavimas LR diplomatinėse atstovybėse
Gintaras SONGAILA,,2.95%,59,2.89%,209,Balsavimas LR diplomatinėse atstovybėse
Lilijana ASTRA,,1.39%,29,1.36%,97,Balsavimas LR diplomatinėse atstovybėse
Petras RUZGUS,,1.20%,21,1.17%,88,Balsavimas LR diplomatinėse atstovybėse
Liudvikas RAGAUSKIS,,1.53%,23,1.50%,116,Balsavimas LR diplomatinėse atstovybėse
Janina SLAVINSKAJA,,0.32%,9,0.31%,20,Balsavimas LR diplomatinėse atstovybėse
Jurijus PIVORIŪNAS,,0.81%,20,0.80%,54,Balsavimas LR diplomatinėse atstovybėse
Irena DEGUTIENĖ,,47.83%, ,45.83%,11, Ambasada Vokietijos Federacinėje Respublikoje. Bonos skyrius
Algirdas GRICIUS,,8.70%, ,8.33%,2, Ambasada Vokietijos Federacinėje Respublikoje. Bonos skyrius
Gintautas BUŽINSKAS,, , , , , Ambasada Vokietijos Federacinėje Respublikoje. Bonos skyrius
Marija Aušrinė PAVILIONIENĖ,, , , , , Ambasada Vokietijos Federacinėje Respublikoje. Bonos skyrius
Giedrė PURVANECKIENĖ,,4.35%, ,4.17%,1, Ambasada Vokietijos Federacinėje Respublikoje. Bonos skyrius
Vytas NAVICKAS,,4.35%, ,4.17%,1, Ambasada Vokietijos Federacinėje Respublikoje. Bonos skyrius
Nikolajus MANANIKOVAS,, , , , , Ambasada Vokietijos Federacinėje Respublikoje. Bonos skyrius
Tadeuš ANDŽEJEVSKI,, , , , , Ambasada Vokietijos Federacinėje Respublikoje. Bonos skyrius
Audronė NEKROŠIENĖ,, , , , , Ambasada Vokietijos Federacinėje Respublikoje. Bonos skyrius
Gintaras SONGAILA,, , , , , Ambasada Vokietijos Federacinėje Respublikoje. Bonos skyrius
Lilijana ASTRA,,26.09%, ,25.00%,6, Ambasada Vokietijos Federacinėje Respublikoje. Bonos skyrius
Petras RUZGUS,, , , , , Ambasada Vokietijos Federacinėje Respublikoje. Bonos skyrius
Liudvikas RAGAUSKIS,,4.35%, ,4.17%,1, Ambasada Vokietijos Federacinėje Respublikoje. Bonos skyrius
Janina SLAVINSKAJA,, , , , , Ambasada Vokietijos Federacinėje Respublikoje. Bonos skyrius
Jurijus PIVORIŪNAS,,4.35%, ,4.17%,1, Ambasada Vokietijos Federacinėje Respublikoje. Bonos skyrius
Irena DEGUTIENĖ,,37.31%,34,37.02%,257, Ambasada Vokietijos Federacinėje Respublikoje
Algirdas GRICIUS,,15.51%,17,15.39%,104, Ambasada Vokietijos Federacinėje Respublikoje
Gintautas BUŽINSKAS,,9.74%,26,9.67%,50, Ambasada Vokietijos Federacinėje Respublikoje
Marija Aušrinė PAVILIONIENĖ,,4.87%,5,4.83%,33, Ambasada Vokietijos Federacinėje Respublikoje
Giedrė PURVANECKIENĖ,,8.97%,11,8.91%,59, Ambasada Vokietijos Federacinėje Respublikoje
Vytas NAVICKAS,,5.90%,1,5.85%,45, Ambasada Vokietijos Federacinėje Respublikoje
Nikolajus MANANIKOVAS,,2.31%,1,2.29%,17, Ambasada Vokietijos Federacinėje Respublikoje
Tadeuš ANDŽEJEVSKI,,0.38%, ,0.38%,3, Ambasada Vokietijos Federacinėje Respublikoje
Audronė NEKROŠIENĖ,,5.77%,14,5.73%,31, Ambasada Vokietijos Federacinėje Respublikoje
Gintaras SONGAILA,,2.69%,3,2.67%,18, Ambasada Vokietijos Federacinėje Respublikoje
Lilijana ASTRA,,1.79%,4,1.78%,10, Ambasada Vokietijos Federacinėje Respublikoje
Petras RUZGUS,,1.54%,3,1.53%,9, Ambasada Vokietijos Federacinėje Respublikoje
Liudvikas RAGAUSKIS,,1.67%,2,1.65%,11, Ambasada Vokietijos Federacinėje Respublikoje
Janina SLAVINSKAJA,,0.26%, ,0.25%,2, Ambasada Vokietijos Federacinėje Respublikoje
Jurijus PIVORIŪNAS,,1.28%,1,1.27%,9, Ambasada Vokietijos Federacinėje Respublikoje
Irena DEGUTIENĖ,,78.57%, ,78.57%,11, Balsavimo vieta Vengrijos Respublikoje
Algirdas GRICIUS,,7.14%, ,7.14%,1, Balsavimo vieta Vengrijos Respublikoje
Gintautas BUŽINSKAS,, , , , , Balsavimo vieta Vengrijos Respublikoje
Marija Aušrinė PAVILIONIENĖ,, , , , , Balsavimo vieta Vengrijos Respublikoje
Giedrė PURVANECKIENĖ,, , , , , Balsavimo vieta Vengrijos Respublikoje
Vytas NAVICKAS,, , , , , Balsavimo vieta Vengrijos Respublikoje
Nikolajus MANANIKOVAS,, , , , , Balsavimo vieta Vengrijos Respublikoje
Tadeuš ANDŽEJEVSKI,, , , , , Balsavimo vieta Vengrijos Respublikoje
Audronė NEKROŠIENĖ,,14.29%, ,14.29%,2, Balsavimo vieta Vengrijos Respublikoje
Gintaras SONGAILA,, , , , , Balsavimo vieta Vengrijos Respublikoje
Lilijana ASTRA,, , , , , Balsavimo vieta Vengrijos Respublikoje
Petras RUZGUS,, , , , , Balsavimo vieta Vengrijos Respublikoje
Liudvikas RAGAUSKIS,, , , , , Balsavimo vieta Vengrijos Respublikoje
Janina SLAVINSKAJA,, , , , , Balsavimo vieta Vengrijos Respublikoje
Jurijus PIVORIŪNAS,, , , , , Balsavimo vieta Vengrijos Respublikoje
Irena DEGUTIENĖ,,77.27%,17,77.27%, , Garbės konsulatas Venesueloje
Algirdas GRICIUS,,4.55%,1,4.55%, , Garbės konsulatas Venesueloje
Gintautas BUŽINSKAS,, , , , , Garbės konsulatas Venesueloje
Marija Aušrinė PAVILIONIENĖ,, , , , , Garbės konsulatas Venesueloje
Giedrė PURVANECKIENĖ,, , , , , Garbės konsulatas Venesueloje
Vytas NAVICKAS,,4.55%,1,4.55%, , Garbės konsulatas Venesueloje
Nikolajus MANANIKOVAS,, , , , , Garbės konsulatas Venesueloje
Tadeuš ANDŽEJEVSKI,,4.55%,1,4.55%, , Garbės konsulatas Venesueloje
Audronė NEKROŠIENĖ,,9.09%,2,9.09%, , Garbės konsulatas Venesueloje
Gintaras SONGAILA,, , , , , Garbės konsulatas Venesueloje
Lilijana ASTRA,, , , , , Garbės konsulatas Venesueloje
Petras RUZGUS,, , , , , Garbės konsulatas Venesueloje
Liudvikas RAGAUSKIS,, , , , , Garbės konsulatas Venesueloje
Janina SLAVINSKAJA,, , , , , Garbės konsulatas Venesueloje
Jurijus PIVORIŪNAS,, , , , , Garbės konsulatas Venesueloje
Irena DEGUTIENĖ,,62.96%,17,62.96%, , Garbės konsulatas Urugvajaus Rytų Respublikai
Algirdas GRICIUS,,7.41%,2,7.41%, , Garbės konsulatas Urugvajaus Rytų Respublikai
Gintautas BUŽINSKAS,, , , , , Garbės konsulatas Urugvajaus Rytų Respublikai
Marija Aušrinė PAVILIONIENĖ,, , , , , Garbės konsulatas Urugvajaus Rytų Respublikai
Giedrė PURVANECKIENĖ,,7.41%,2,7.41%, , Garbės konsulatas Urugvajaus Rytų Respublikai
Vytas NAVICKAS,,3.70%,1,3.70%, , Garbės konsulatas Urugvajaus Rytų Respublikai
Nikolajus MANANIKOVAS,, , , , , Garbės konsulatas Urugvajaus Rytų Respublikai
Tadeuš ANDŽEJEVSKI,, , , , , Garbės konsulatas Urugvajaus Rytų Respublikai
Audronė NEKROŠIENĖ,,7.41%,2,7.41%, , Garbės konsulatas Urugvajaus Rytų Respublikai
Gintaras SONGAILA,,3.70%,1,3.70%, , Garbės konsulatas Urugvajaus Rytų Respublikai
Lilijana ASTRA,,7.41%,2,7.41%, , Garbės konsulatas Urugvajaus Rytų Respublikai
Petras RUZGUS,, , , , , Garbės konsulatas Urugvajaus Rytų Respublikai
Liudvikas RAGAUSKIS,, , , , , Garbės konsulatas Urugvajaus Rytų Respublikai
Janina SLAVINSKAJA,, , , , , Garbės konsulatas Urugvajaus Rytų Respublikai
Jurijus PIVORIŪNAS,, , , , , Garbės konsulatas Urugvajaus Rytų Respublikai
Irena DEGUTIENĖ,,15.00%, ,15.00%,21, Ambasada Ukrainoje
Algirdas GRICIUS,,13.57%, ,13.57%,19, Ambasada Ukrainoje
Gintautas BUŽINSKAS,,11.43%, ,11.43%,16, Ambasada Ukrainoje
Marija Aušrinė PAVILIONIENĖ,,11.43%, ,11.43%,16, Ambasada Ukrainoje
Giedrė PURVANECKIENĖ,,16.43%, ,16.43%,23, Ambasada Ukrainoje
Vytas NAVICKAS,,12.86%, ,12.86%,18, Ambasada Ukrainoje
Nikolajus MANANIKOVAS,,4.29%, ,4.29%,6, Ambasada Ukrainoje
Tadeuš ANDŽEJEVSKI,, , , , , Ambasada Ukrainoje
Audronė NEKROŠIENĖ,,6.43%, ,6.43%,9, Ambasada Ukrainoje
Gintaras SONGAILA,,2.14%, ,2.14%,3, Ambasada Ukrainoje
Lilijana ASTRA,,0.71%, ,0.71%,1, Ambasada Ukrainoje
Petras RUZGUS,,0.71%, ,0.71%,1, Ambasada Ukrainoje
Liudvikas RAGAUSKIS,, , , , , Ambasada Ukrainoje
Janina SLAVINSKAJA,, , , , , Ambasada Ukrainoje
Jurijus PIVORIŪNAS,,5.00%, ,5.00%,7, Ambasada Ukrainoje
Irena DEGUTIENĖ,,33.33%,2,33.33%, , Ambasada Turkijos Respublikoje
Algirdas GRICIUS,,66.67%,4,66.67%, , Ambasada Turkijos Respublikoje
Gintautas BUŽINSKAS,, , , , , Ambasada Turkijos Respublikoje
Marija Aušrinė PAVILIONIENĖ,, , , , , Ambasada Turkijos Respublikoje
Giedrė PURVANECKIENĖ,, , , , , Ambasada Turkijos Respublikoje
Vytas NAVICKAS,, , , , , Ambasada Turkijos Respublikoje
Nikolajus MANANIKOVAS,, , , , , Ambasada Turkijos Respublikoje
Tadeuš ANDŽEJEVSKI,, , , , , Ambasada Turkijos Respublikoje
Audronė NEKROŠIENĖ,, , , , , Ambasada Turkijos Respublikoje
Gintaras SONGAILA,, , , , , Ambasada Turkijos Respublikoje
Lilijana ASTRA,, , , , , Ambasada Turkijos Respublikoje
Petras RUZGUS,, , , , , Ambasada Turkijos Respublikoje
Liudvikas RAGAUSKIS,, , , , , Ambasada Turkijos Respublikoje
Janina SLAVINSKAJA,, , , , , Ambasada Turkijos Respublikoje
Jurijus PIVORIŪNAS,, , , , , Ambasada Turkijos Respublikoje
Irena DEGUTIENĖ,,39.29%,16,39.29%,50, Generalinis konsulatas Šveicarijos konfederacijoje
Algirdas GRICIUS,,21.43%,11,21.43%,25, Generalinis konsulatas Šveicarijos konfederacijoje
Gintautas BUŽINSKAS,,8.93%, ,8.93%,15, Generalinis konsulatas Šveicarijos konfederacijoje
Marija Aušrinė PAVILIONIENĖ,,3.57%, ,3.57%,6, Generalinis konsulatas Šveicarijos konfederacijoje
Giedrė PURVANECKIENĖ,,5.95%, ,5.95%,10, Generalinis konsulatas Šveicarijos konfederacijoje
Vytas NAVICKAS,,6.55%, ,6.55%,11, Generalinis konsulatas Šveicarijos konfederacijoje
Nikolajus MANANIKOVAS,,0.60%, ,0.60%,1, Generalinis konsulatas Šveicarijos konfederacijoje
Tadeuš ANDŽEJEVSKI,,0.60%, ,0.60%,1, Generalinis konsulatas Šveicarijos konfederacijoje
Audronė NEKROŠIENĖ,,2.38%,2,2.38%,2, Generalinis konsulatas Šveicarijos konfederacijoje
Gintaras SONGAILA,,1.19%, ,1.19%,2, Generalinis konsulatas Šveicarijos konfederacijoje
Lilijana ASTRA,,4.17%,1,4.17%,6, Generalinis konsulatas Šveicarijos konfederacijoje
Petras RUZGUS,,1.79%, ,1.79%,3, Generalinis konsulatas Šveicarijos konfederacijoje
Liudvikas RAGAUSKIS,,2.38%,1,2.38%,3, Generalinis konsulatas Šveicarijos konfederacijoje
Janina SLAVINSKAJA,, , , , , Generalinis konsulatas Šveicarijos konfederacijoje
Jurijus PIVORIŪNAS,,1.19%, ,1.19%,2, Generalinis konsulatas Šveicarijos konfederacijoje
Irena DEGUTIENĖ,,43.98%,17,42.06%,89, Ambasada Švedijos Karalystėje
Algirdas GRICIUS,,24.90%,19,23.81%,41, Ambasada Švedijos Karalystėje
Gintautas BUŽINSKAS,,4.56%,4,4.37%,7, Ambasada Švedijos Karalystėje
Marija Aušrinė PAVILIONIENĖ,,4.98%,2,4.76%,10, Ambasada Švedijos Karalystėje
Giedrė PURVANECKIENĖ,,9.13%,5,8.73%,17, Ambasada Švedijos Karalystėje
Vytas NAVICKAS,,1.24%, ,1.19%,3, Ambasada Švedijos Karalystėje
Nikolajus MANANIKOVAS,,0.83%, ,0.79%,2, Ambasada Švedijos Karalystėje
Tadeuš ANDŽEJEVSKI,, , , , , Ambasada Švedijos Karalystėje
Audronė NEKROŠIENĖ,,6.22%,1,5.95%,14, Ambasada Švedijos Karalystėje
Gintaras SONGAILA,,1.24%, ,1.19%,3, Ambasada Švedijos Karalystėje
Lilijana ASTRA,,0.83%, ,0.79%,2, Ambasada Švedijos Karalystėje
Petras RUZGUS,,1.24%,1,1.19%,2, Ambasada Švedijos Karalystėje
Liudvikas RAGAUSKIS,,0.83%, ,0.79%,2, Ambasada Švedijos Karalystėje
Janina SLAVINSKAJA,, , , , , Ambasada Švedijos Karalystėje
Jurijus PIVORIŪNAS,, , , , , Ambasada Švedijos Karalystėje
Irena DEGUTIENĖ,,38.40%,23,37.50%,25, Ambasada Suomijos Respublikoje
Algirdas GRICIUS,,28.00%,12,27.34%,23, Ambasada Suomijos Respublikoje
Gintautas BUŽINSKAS,,8.80%,1,8.59%,10, Ambasada Suomijos Respublikoje
Marija Aušrinė PAVILIONIENĖ,,2.40%,1,2.34%,2, Ambasada Suomijos Respublikoje
Giedrė PURVANECKIENĖ,,7.20%,4,7.03%,5, Ambasada Suomijos Respublikoje
Vytas NAVICKAS,,3.20%,1,3.13%,3, Ambasada Suomijos Respublikoje
Nikolajus MANANIKOVAS,,2.40%,1,2.34%,2, Ambasada Suomijos Respublikoje
Tadeuš ANDŽEJEVSKI,,0.80%, ,0.78%,1, Ambasada Suomijos Respublikoje
Audronė NEKROŠIENĖ,,4.80%,3,4.69%,3, Ambasada Suomijos Respublikoje
Gintaras SONGAILA,,0.80%,1,0.78%, , Ambasada Suomijos Respublikoje
Lilijana ASTRA,, , , , , Ambasada Suomijos Respublikoje
Petras RUZGUS,,1.60%,2,1.56%, , Ambasada Suomijos Respublikoje
Liudvikas RAGAUSKIS,, , , , , Ambasada Suomijos Respublikoje
Janina SLAVINSKAJA,,1.60%, ,1.56%,2, Ambasada Suomijos Respublikoje
Jurijus PIVORIŪNAS,, , , , , Ambasada Suomijos Respublikoje
Irena DEGUTIENĖ,,10.92%,13,9.92%, , Generalinis konsulatas Sovietske
Algirdas GRICIUS,,7.56%,9,6.87%, , Generalinis konsulatas Sovietske
Gintautas BUŽINSKAS,,19.33%,23,17.56%, , Generalinis konsulatas Sovietske
Marija Aušrinė PAVILIONIENĖ,,17.65%,21,16.03%, , Generalinis konsulatas Sovietske
Giedrė PURVANECKIENĖ,,8.40%,10,7.63%, , Generalinis konsulatas Sovietske
Vytas NAVICKAS,,15.13%,18,13.74%, , Generalinis konsulatas Sovietske
Nikolajus MANANIKOVAS,,3.36%,4,3.05%, , Generalinis konsulatas Sovietske
Tadeuš ANDŽEJEVSKI,,1.68%,2,1.53%, , Generalinis konsulatas Sovietske
Audronė NEKROŠIENĖ,,8.40%,10,7.63%, , Generalinis konsulatas Sovietske
Gintaras SONGAILA,,2.52%,3,2.29%, , Generalinis konsulatas Sovietske
Lilijana ASTRA,,0.84%,1,0.76%, , Generalinis konsulatas Sovietske
Petras RUZGUS,,0.84%,1,0.76%, , Generalinis konsulatas Sovietske
Liudvikas RAGAUSKIS,,0.84%,1,0.76%, , Generalinis konsulatas Sovietske
Janina SLAVINSKAJA,,0.84%,1,0.76%, , Generalinis konsulatas Sovietske
Jurijus PIVORIŪNAS,,1.68%,2,1.53%, , Generalinis konsulatas Sovietske
Irena DEGUTIENĖ,,14.66%, ,14.29%,17, Generalinis konsulatas Sankt-Peterburge
Algirdas GRICIUS,,6.03%, ,5.88%,7, Generalinis konsulatas Sankt-Peterburge
Gintautas BUŽINSKAS,,15.52%, ,15.13%,18, Generalinis konsulatas Sankt-Peterburge
Marija Aušrinė PAVILIONIENĖ,,5.17%, ,5.04%,6, Generalinis konsulatas Sankt-Peterburge
Giedrė PURVANECKIENĖ,,10.34%, ,10.08%,12, Generalinis konsulatas Sankt-Peterburge
Vytas NAVICKAS,,18.97%, ,18.49%,22, Generalinis konsulatas Sankt-Peterburge
Nikolajus MANANIKOVAS,,10.34%, ,10.08%,12, Generalinis konsulatas Sankt-Peterburge
Tadeuš ANDŽEJEVSKI,,0.86%, ,0.84%,1, Generalinis konsulatas Sankt-Peterburge
Audronė NEKROŠIENĖ,,8.62%, ,8.40%,10, Generalinis konsulatas Sankt-Peterburge
Gintaras SONGAILA,,2.59%, ,2.52%,3, Generalinis konsulatas Sankt-Peterburge
Lilijana ASTRA,,1.72%, ,1.68%,2, Generalinis konsulatas Sankt-Peterburge
Petras RUZGUS,, , , , , Generalinis konsulatas Sankt-Peterburge
Liudvikas RAGAUSKIS,,3.45%, ,3.36%,4, Generalinis konsulatas Sankt-Peterburge
Janina SLAVINSKAJA,, , , , , Generalinis konsulatas Sankt-Peterburge
Jurijus PIVORIŪNAS,,1.72%, ,1.68%,2, Generalinis konsulatas Sankt-Peterburge
Irena DEGUTIENĖ,,16.88%,25,15.95%,1, Generalinis konsulatas Kaliningrade
Algirdas GRICIUS,,9.09%,13,8.59%,1, Generalinis konsulatas Kaliningrade
Gintautas BUŽINSKAS,,14.94%,19,14.11%,4, Generalinis konsulatas Kaliningrade
Marija Aušrinė PAVILIONIENĖ,,7.79%,9,7.36%,3, Generalinis konsulatas Kaliningrade
Giedrė PURVANECKIENĖ,,3.90%,5,3.68%,1, Generalinis konsulatas Kaliningrade
Vytas NAVICKAS,,18.83%,26,17.79%,3, Generalinis konsulatas Kaliningrade
Nikolajus MANANIKOVAS,,7.79%,11,7.36%,1, Generalinis konsulatas Kaliningrade
Tadeuš ANDŽEJEVSKI,,1.30%,2,1.23%, , Generalinis konsulatas Kaliningrade
Audronė NEKROŠIENĖ,,7.14%,11,6.75%, , Generalinis konsulatas Kaliningrade
Gintaras SONGAILA,,4.55%,7,4.29%, , Generalinis konsulatas Kaliningrade
Lilijana ASTRA,,1.30%,2,1.23%, , Generalinis konsulatas Kaliningrade
Petras RUZGUS,,1.30%,2,1.23%, , Generalinis konsulatas Kaliningrade
Liudvikas RAGAUSKIS,,1.95%,3,1.84%, , Generalinis konsulatas Kaliningrade
Janina SLAVINSKAJA,,0.65%,1,0.61%, , Generalinis konsulatas Kaliningrade
Jurijus PIVORIŪNAS,,2.60%,4,2.45%, , Generalinis konsulatas Kaliningrade
Irena DEGUTIENĖ,,28.73%,62,27.82%,17, Ambasada Rusijos Federacijoje
Algirdas GRICIUS,,12.73%,33,12.32%,2, Ambasada Rusijos Federacijoje
Gintautas BUŽINSKAS,,10.18%,23,9.86%,5, Ambasada Rusijos Federacijoje
Marija Aušrinė PAVILIONIENĖ,,6.18%,14,5.99%,3, Ambasada Rusijos Federacijoje
Giedrė PURVANECKIENĖ,,10.18%,16,9.86%,12, Ambasada Rusijos Federacijoje
Vytas NAVICKAS,,11.27%,18,10.92%,13, Ambasada Rusijos Federacijoje
Nikolajus MANANIKOVAS,,8.36%,9,8.10%,14, Ambasada Rusijos Federacijoje
Tadeuš ANDŽEJEVSKI,,1.09%,1,1.06%,2, Ambasada Rusijos Federacijoje
Audronė NEKROŠIENĖ,,4.36%,11,4.23%,1, Ambasada Rusijos Federacijoje
Gintaras SONGAILA,,1.82%,5,1.76%, , Ambasada Rusijos Federacijoje
Lilijana ASTRA,,1.09%,3,1.06%, , Ambasada Rusijos Federacijoje
Petras RUZGUS,,1.09%,2,1.06%,1, Ambasada Rusijos Federacijoje
Liudvikas RAGAUSKIS,,0.73%,2,0.70%, , Ambasada Rusijos Federacijoje
Janina SLAVINSKAJA,,0.73%,1,0.70%,1, Ambasada Rusijos Federacijoje
Jurijus PIVORIŪNAS,,1.45%,2,1.41%,2, Ambasada Rusijos Federacijoje
Irena DEGUTIENĖ,,59.67%,37,59.02%,71, Ambasada Prancūzijos Respublikoje
Algirdas GRICIUS,,18.23%,11,18.03%,22, Ambasada Prancūzijos Respublikoje
Gintautas BUŽINSKAS,,2.21%,3,2.19%,1, Ambasada Prancūzijos Respublikoje
Marija Aušrinė PAVILIONIENĖ,,2.21%,2,2.19%,2, Ambasada Prancūzijos Respublikoje
Giedrė PURVANECKIENĖ,,9.39%,3,9.29%,14, Ambasada Prancūzijos Respublikoje
Vytas NAVICKAS,,1.10%, ,1.09%,2, Ambasada Prancūzijos Respublikoje
Nikolajus MANANIKOVAS,, , , , , Ambasada Prancūzijos Respublikoje
Tadeuš ANDŽEJEVSKI,,0.55%, ,0.55%,1, Ambasada Prancūzijos Respublikoje
Audronė NEKROŠIENĖ,,1.66%,2,1.64%,1, Ambasada Prancūzijos Respublikoje
Gintaras SONGAILA,,0.55%, ,0.55%,1, Ambasada Prancūzijos Respublikoje
Lilijana ASTRA,,1.10%,1,1.09%,1, Ambasada Prancūzijos Respublikoje
Petras RUZGUS,,0.55%, ,0.55%,1, Ambasada Prancūzijos Respublikoje
Liudvikas RAGAUSKIS,,2.21%,1,2.19%,3, Ambasada Prancūzijos Respublikoje
Janina SLAVINSKAJA,, , , , , Ambasada Prancūzijos Respublikoje
Jurijus PIVORIŪNAS,,0.55%, ,0.55%,1, Ambasada Prancūzijos Respublikoje
Irena DEGUTIENĖ,,20.45%, ,19.57%,9, Ambasada Portugalijos Respublikoje
Algirdas GRICIUS,,15.91%, ,15.22%,7, Ambasada Portugalijos Respublikoje
Gintautas BUŽINSKAS,,20.45%, ,19.57%,9, Ambasada Portugalijos Respublikoje
Marija Aušrinė PAVILIONIENĖ,,15.91%, ,15.22%,7, Ambasada Portugalijos Respublikoje
Giedrė PURVANECKIENĖ,,11.36%, ,10.87%,5, Ambasada Portugalijos Respublikoje
Vytas NAVICKAS,,4.55%, ,4.35%,2, Ambasada Portugalijos Respublikoje
Nikolajus MANANIKOVAS,, , , , , Ambasada Portugalijos Respublikoje
Tadeuš ANDŽEJEVSKI,, , , , , Ambasada Portugalijos Respublikoje
Audronė NEKROŠIENĖ,,2.27%, ,2.17%,1, Ambasada Portugalijos Respublikoje
Gintaras SONGAILA,, , , , , Ambasada Portugalijos Respublikoje
Lilijana ASTRA,, , , , , Ambasada Portugalijos Respublikoje
Petras RUZGUS,,2.27%, ,2.17%,1, Ambasada Portugalijos Respublikoje
Liudvikas RAGAUSKIS,, , , , , Ambasada Portugalijos Respublikoje
Janina SLAVINSKAJA,, , , , , Ambasada Portugalijos Respublikoje
Jurijus PIVORIŪNAS,,6.82%, ,6.52%,3, Ambasada Portugalijos Respublikoje
Irena DEGUTIENĖ,,49.04%, ,48.43%,77, Ambasada Norvegijos Karalystėje
Algirdas GRICIUS,,17.83%, ,17.61%,28, Ambasada Norvegijos Karalystėje
Gintautas BUŽINSKAS,,5.10%, ,5.03%,8, Ambasada Norvegijos Karalystėje
Marija Aušrinė PAVILIONIENĖ,,8.92%, ,8.81%,14, Ambasada Norvegijos Karalystėje
Giedrė PURVANECKIENĖ,,10.19%, ,10.06%,16, Ambasada Norvegijos Karalystėje
Vytas NAVICKAS,,1.91%, ,1.89%,3, Ambasada Norvegijos Karalystėje
Nikolajus MANANIKOVAS,, , , , , Ambasada Norvegijos Karalystėje
Tadeuš ANDŽEJEVSKI,, , , , , Ambasada Norvegijos Karalystėje
Audronė NEKROŠIENĖ,,3.18%, ,3.14%,5, Ambasada Norvegijos Karalystėje
Gintaras SONGAILA,,0.64%, ,0.63%,1, Ambasada Norvegijos Karalystėje
Lilijana ASTRA,,0.64%, ,0.63%,1, Ambasada Norvegijos Karalystėje
Petras RUZGUS,,1.27%, ,1.26%,2, Ambasada Norvegijos Karalystėje
Liudvikas RAGAUSKIS,,1.27%, ,1.26%,2, Ambasada Norvegijos Karalystėje
Janina SLAVINSKAJA,, , , , , Ambasada Norvegijos Karalystėje
Jurijus PIVORIŪNAS,, , , , , Ambasada Norvegijos Karalystėje
Irena DEGUTIENĖ,,46.08%, ,44.76%,47, Ambasada Nyderlandų Karalystėje
Algirdas GRICIUS,,19.61%, ,19.05%,20, Ambasada Nyderlandų Karalystėje
Gintautas BUŽINSKAS,,7.84%, ,7.62%,8, Ambasada Nyderlandų Karalystėje
Marija Aušrinė PAVILIONIENĖ,,1.96%, ,1.90%,2, Ambasada Nyderlandų Karalystėje
Giedrė PURVANECKIENĖ,,11.76%, ,11.43%,12, Ambasada Nyderlandų Karalystėje
Vytas NAVICKAS,,1.96%, ,1.90%,2, Ambasada Nyderlandų Karalystėje
Nikolajus MANANIKOVAS,,0.98%, ,0.95%,1, Ambasada Nyderlandų Karalystėje
Tadeuš ANDŽEJEVSKI,,0.98%, ,0.95%,1, Ambasada Nyderlandų Karalystėje
Audronė NEKROŠIENĖ,,0.98%, ,0.95%,1, Ambasada Nyderlandų Karalystėje
Gintaras SONGAILA,, , , , , Ambasada Nyderlandų Karalystėje
Lilijana ASTRA,,1.96%, ,1.90%,2, Ambasada Nyderlandų Karalystėje
Petras RUZGUS,,1.96%, ,1.90%,2, Ambasada Nyderlandų Karalystėje
Liudvikas RAGAUSKIS,,1.96%, ,1.90%,2, Ambasada Nyderlandų Karalystėje
Janina SLAVINSKAJA,,0.98%, ,0.95%,1, Ambasada Nyderlandų Karalystėje
Jurijus PIVORIŪNAS,,0.98%, ,0.95%,1, Ambasada Nyderlandų Karalystėje
Irena DEGUTIENĖ,,76.27%,41,76.27%,4, Konsulatas Seinuose
Algirdas GRICIUS,,1.69%,1,1.69%, , Konsulatas Seinuose
Gintautas BUŽINSKAS,,5.08%,3,5.08%, , Konsulatas Seinuose
Marija Aušrinė PAVILIONIENĖ,, , , , , Konsulatas Seinuose
Giedrė PURVANECKIENĖ,,6.78%,4,6.78%, , Konsulatas Seinuose
Vytas NAVICKAS,, , , , , Konsulatas Seinuose
Nikolajus MANANIKOVAS,, , , , , Konsulatas Seinuose
Tadeuš ANDŽEJEVSKI,, , , , , Konsulatas Seinuose
Audronė NEKROŠIENĖ,,3.39%,2,3.39%, , Konsulatas Seinuose
Gintaras SONGAILA,,6.78%,4,6.78%, , Konsulatas Seinuose
Lilijana ASTRA,, , , , , Konsulatas Seinuose
Petras RUZGUS,, , , , , Konsulatas Seinuose
Liudvikas RAGAUSKIS,, , , , , Konsulatas Seinuose
Janina SLAVINSKAJA,, , , , , Konsulatas Seinuose
Jurijus PIVORIŪNAS,, , , , , Konsulatas Seinuose
Irena DEGUTIENĖ,,32.43%,24,31.86%,12, Ambasada Lenkijos Respublikoje
Algirdas GRICIUS,,21.62%,12,21.24%,12, Ambasada Lenkijos Respublikoje
Gintautas BUŽINSKAS,,5.41%,4,5.31%,2, Ambasada Lenkijos Respublikoje
Marija Aušrinė PAVILIONIENĖ,,3.60%,2,3.54%,2, Ambasada Lenkijos Respublikoje
Giedrė PURVANECKIENĖ,,5.41%,3,5.31%,3, Ambasada Lenkijos Respublikoje
Vytas NAVICKAS,,0.90%,1,0.88%, , Ambasada Lenkijos Respublikoje
Nikolajus MANANIKOVAS,, , , , , Ambasada Lenkijos Respublikoje
Tadeuš ANDŽEJEVSKI,,20.72%,13,20.35%,10, Ambasada Lenkijos Respublikoje
Audronė NEKROŠIENĖ,,2.70%,1,2.65%,2, Ambasada Lenkijos Respublikoje
Gintaras SONGAILA,, , , , , Ambasada Lenkijos Respublikoje
Lilijana ASTRA,,1.80%,1,1.77%,1, Ambasada Lenkijos Respublikoje
Petras RUZGUS,,0.90%, ,0.88%,1, Ambasada Lenkijos Respublikoje
Liudvikas RAGAUSKIS,, , , , , Ambasada Lenkijos Respublikoje
Janina SLAVINSKAJA,,2.70%,3,2.65%, , Ambasada Lenkijos Respublikoje
Jurijus PIVORIŪNAS,,1.80%,1,1.77%,1, Ambasada Lenkijos Respublikoje
Irena DEGUTIENĖ,,19.26%,38,18.14%,40, Ambasada Latvijos Respublikoje
Algirdas GRICIUS,,9.88%,19,9.30%,21, Ambasada Latvijos Respublikoje
Gintautas BUŽINSKAS,,20.25%,20,19.07%,62, Ambasada Latvijos Respublikoje
Marija Aušrinė PAVILIONIENĖ,,8.40%,8,7.91%,26, Ambasada Latvijos Respublikoje
Giedrė PURVANECKIENĖ,,9.88%,16,9.30%,24, Ambasada Latvijos Respublikoje
Vytas NAVICKAS,,10.86%,12,10.23%,32, Ambasada Latvijos Respublikoje
Nikolajus MANANIKOVAS,,5.93%,6,5.58%,18, Ambasada Latvijos Respublikoje
Tadeuš ANDŽEJEVSKI,,0.74%,1,0.70%,2, Ambasada Latvijos Respublikoje
Audronė NEKROŠIENĖ,,4.44%,9,4.19%,9, Ambasada Latvijos Respublikoje
Gintaras SONGAILA,,3.46%,6,3.26%,8, Ambasada Latvijos Respublikoje
Lilijana ASTRA,,2.22%,4,2.09%,5, Ambasada Latvijos Respublikoje
Petras RUZGUS,,2.96%,4,2.79%,8, Ambasada Latvijos Respublikoje
Liudvikas RAGAUSKIS,,0.74%,2,0.70%,1, Ambasada Latvijos Respublikoje
Janina SLAVINSKAJA,,0.49%, ,0.47%,2, Ambasada Latvijos Respublikoje
Jurijus PIVORIŪNAS,,0.49%, ,0.47%,2, Ambasada Latvijos Respublikoje
Irena DEGUTIENĖ,,35.38%, ,34.85%,23, Garbės konsulatas Kolumbijos Respublikai
Algirdas GRICIUS,,21.54%, ,21.21%,14, Garbės konsulatas Kolumbijos Respublikai
Gintautas BUŽINSKAS,,3.08%, ,3.03%,2, Garbės konsulatas Kolumbijos Respublikai
Marija Aušrinė PAVILIONIENĖ,,1.54%, ,1.52%,1, Garbės konsulatas Kolumbijos Respublikai
Giedrė PURVANECKIENĖ,,13.85%, ,13.64%,9, Garbės konsulatas Kolumbijos Respublikai
Vytas NAVICKAS,, , , , , Garbės konsulatas Kolumbijos Respublikai
Nikolajus MANANIKOVAS,, , , , , Garbės konsulatas Kolumbijos Respublikai
Tadeuš ANDŽEJEVSKI,, , , , , Garbės konsulatas Kolumbijos Respublikai
Audronė NEKROŠIENĖ,,6.15%, ,6.06%,4, Garbės konsulatas Kolumbijos Respublikai
Gintaras SONGAILA,,18.46%, ,18.18%,12, Garbės konsulatas Kolumbijos Respublikai
Lilijana ASTRA,, , , , , Garbės konsulatas Kolumbijos Respublikai
Petras RUZGUS,, , , , , Garbės konsulatas Kolumbijos Respublikai
Liudvikas RAGAUSKIS,, , , , , Garbės konsulatas Kolumbijos Respublikai
Janina SLAVINSKAJA,, , , , , Garbės konsulatas Kolumbijos Respublikai
Jurijus PIVORIŪNAS,, , , , , Garbės konsulatas Kolumbijos Respublikai
Irena DEGUTIENĖ,,35.00%, ,35.00%,7, Ambasada Kinijos Liaudies Respublikoje
Algirdas GRICIUS,,20.00%, ,20.00%,4, Ambasada Kinijos Liaudies Respublikoje
Gintautas BUŽINSKAS,,10.00%, ,10.00%,2, Ambasada Kinijos Liaudies Respublikoje
Marija Aušrinė PAVILIONIENĖ,, , , , , Ambasada Kinijos Liaudies Respublikoje
Giedrė PURVANECKIENĖ,,20.00%, ,20.00%,4, Ambasada Kinijos Liaudies Respublikoje
Vytas NAVICKAS,, , , , , Ambasada Kinijos Liaudies Respublikoje
Nikolajus MANANIKOVAS,,10.00%, ,10.00%,2, Ambasada Kinijos Liaudies Respublikoje
Tadeuš ANDŽEJEVSKI,, , , , , Ambasada Kinijos Liaudies Respublikoje
Audronė NEKROŠIENĖ,, , , , , Ambasada Kinijos Liaudies Respublikoje
Gintaras SONGAILA,,5.00%, ,5.00%,1, Ambasada Kinijos Liaudies Respublikoje
Lilijana ASTRA,, , , , , Ambasada Kinijos Liaudies Respublikoje
Petras RUZGUS,, , , , , Ambasada Kinijos Liaudies Respublikoje
Liudvikas RAGAUSKIS,, , , , , Ambasada Kinijos Liaudies Respublikoje
Janina SLAVINSKAJA,, , , , , Ambasada Kinijos Liaudies Respublikoje
Jurijus PIVORIŪNAS,, , , , , Ambasada Kinijos Liaudies Respublikoje
Irena DEGUTIENĖ,,24.44%, ,24.44%,11, Ambasada Kazachstano Respublikoje
Algirdas GRICIUS,,13.33%, ,13.33%,6, Ambasada Kazachstano Respublikoje
Gintautas BUŽINSKAS,,15.56%, ,15.56%,7, Ambasada Kazachstano Respublikoje
Marija Aušrinė PAVILIONIENĖ,,6.67%, ,6.67%,3, Ambasada Kazachstano Respublikoje
Giedrė PURVANECKIENĖ,,8.89%, ,8.89%,4, Ambasada Kazachstano Respublikoje
Vytas NAVICKAS,,15.56%, ,15.56%,7, Ambasada Kazachstano Respublikoje
Nikolajus MANANIKOVAS,,2.22%, ,2.22%,1, Ambasada Kazachstano Respublikoje
Tadeuš ANDŽEJEVSKI,, , , , , Ambasada Kazachstano Respublikoje
Audronė NEKROŠIENĖ,,4.44%, ,4.44%,2, Ambasada Kazachstano Respublikoje
Gintaras SONGAILA,,4.44%, ,4.44%,2, Ambasada Kazachstano Respublikoje
Lilijana ASTRA,,2.22%, ,2.22%,1, Ambasada Kazachstano Respublikoje
Petras RUZGUS,,2.22%, ,2.22%,1, Ambasada Kazachstano Respublikoje
Liudvikas RAGAUSKIS,, , , , , Ambasada Kazachstano Respublikoje
Janina SLAVINSKAJA,, , , , , Ambasada Kazachstano Respublikoje
Jurijus PIVORIŪNAS,, , , , , Ambasada Kazachstano Respublikoje
Irena DEGUTIENĖ,,85.25%,52,85.25%, , Garbės konsulatas Toronte (Kanada)
Algirdas GRICIUS,, , , , , Garbės konsulatas Toronte (Kanada)
Gintautas BUŽINSKAS,, , , , , Garbės konsulatas Toronte (Kanada)
Marija Aušrinė PAVILIONIENĖ,,1.64%,1,1.64%, , Garbės konsulatas Toronte (Kanada)
Giedrė PURVANECKIENĖ,,1.64%,1,1.64%, , Garbės konsulatas Toronte (Kanada)
Vytas NAVICKAS,, , , , , Garbės konsulatas Toronte (Kanada)
Nikolajus MANANIKOVAS,, , , , , Garbės konsulatas Toronte (Kanada)
Tadeuš ANDŽEJEVSKI,, , , , , Garbės konsulatas Toronte (Kanada)
Audronė NEKROŠIENĖ,,1.64%,1,1.64%, , Garbės konsulatas Toronte (Kanada)
Gintaras SONGAILA,,1.64%,1,1.64%, , Garbės konsulatas Toronte (Kanada)
Lilijana ASTRA,,6.56%,4,6.56%, , Garbės konsulatas Toronte (Kanada)
Petras RUZGUS,, , , , , Garbės konsulatas Toronte (Kanada)
Liudvikas RAGAUSKIS,,1.64%,1,1.64%, , Garbės konsulatas Toronte (Kanada)
Janina SLAVINSKAJA,, , , , , Garbės konsulatas Toronte (Kanada)
Jurijus PIVORIŪNAS,, , , , , Garbės konsulatas Toronte (Kanada)
Irena DEGUTIENĖ,,77.21%, ,76.09%,210, Ambasada Kanadoje
Algirdas GRICIUS,,7.72%, ,7.61%,21, Ambasada Kanadoje
Gintautas BUŽINSKAS,,0.37%, ,0.36%,1, Ambasada Kanadoje
Marija Aušrinė PAVILIONIENĖ,,2.94%, ,2.90%,8, Ambasada Kanadoje
Giedrė PURVANECKIENĖ,,3.31%, ,3.26%,9, Ambasada Kanadoje
Vytas NAVICKAS,,0.74%, ,0.72%,2, Ambasada Kanadoje
Nikolajus MANANIKOVAS,, , , , , Ambasada Kanadoje
Tadeuš ANDŽEJEVSKI,, , , , , Ambasada Kanadoje
Audronė NEKROŠIENĖ,,0.37%, ,0.36%,1, Ambasada Kanadoje
Gintaras SONGAILA,,1.47%, ,1.45%,4, Ambasada Kanadoje
Lilijana ASTRA,,2.21%, ,2.17%,6, Ambasada Kanadoje
Petras RUZGUS,,0.37%, ,0.36%,1, Ambasada Kanadoje
Liudvikas RAGAUSKIS,,2.21%, ,2.17%,6, Ambasada Kanadoje
Janina SLAVINSKAJA,,0.37%, ,0.36%,1, Ambasada Kanadoje
Jurijus PIVORIŪNAS,,0.74%, ,0.72%,2, Ambasada Kanadoje
Irena DEGUTIENĖ,,56.45%, ,55.11%,302, Generalinis konsulatas Niujorke (JAV)
Algirdas GRICIUS,,16.07%, ,15.69%,86, Generalinis konsulatas Niujorke (JAV)
Gintautas BUŽINSKAS,,2.99%, ,2.92%,16, Generalinis konsulatas Niujorke (JAV)
Marija Aušrinė PAVILIONIENĖ,,5.61%, ,5.47%,30, Generalinis konsulatas Niujorke (JAV)
Giedrė PURVANECKIENĖ,,3.74%, ,3.65%,20, Generalinis konsulatas Niujorke (JAV)
Vytas NAVICKAS,,2.24%, ,2.19%,12, Generalinis konsulatas Niujorke (JAV)
Nikolajus MANANIKOVAS,,0.37%, ,0.36%,2, Generalinis konsulatas Niujorke (JAV)
Tadeuš ANDŽEJEVSKI,,0.93%, ,0.91%,5, Generalinis konsulatas Niujorke (JAV)
Audronė NEKROŠIENĖ,,3.36%, ,3.28%,18, Generalinis konsulatas Niujorke (JAV)
Gintaras SONGAILA,,4.30%, ,4.20%,23, Generalinis konsulatas Niujorke (JAV)
Lilijana ASTRA,,0.93%, ,0.91%,5, Generalinis konsulatas Niujorke (JAV)
Petras RUZGUS,,0.37%, ,0.36%,2, Generalinis konsulatas Niujorke (JAV)
Liudvikas RAGAUSKIS,,2.06%, ,2.01%,11, Generalinis konsulatas Niujorke (JAV)
Janina SLAVINSKAJA,, , , , , Generalinis konsulatas Niujorke (JAV)
Jurijus PIVORIŪNAS,,0.56%, ,0.55%,3, Generalinis konsulatas Niujorke (JAV)
Irena DEGUTIENĖ,,58.60%,132,57.73%,645, Generalinis konsulatas Čikagoje (JAV)
Algirdas GRICIUS,,12.52%,26,12.33%,140, Generalinis konsulatas Čikagoje (JAV)
Gintautas BUŽINSKAS,,3.09%,12,3.05%,29, Generalinis konsulatas Čikagoje (JAV)
Marija Aušrinė PAVILIONIENĖ,,4.98%,14,4.90%,52, Generalinis konsulatas Čikagoje (JAV)
Giedrė PURVANECKIENĖ,,5.20%,7,5.13%,62, Generalinis konsulatas Čikagoje (JAV)
Vytas NAVICKAS,,1.58%,2,1.56%,19, Generalinis konsulatas Čikagoje (JAV)
Nikolajus MANANIKOVAS,,0.15%, ,0.15%,2, Generalinis konsulatas Čikagoje (JAV)
Tadeuš ANDŽEJEVSKI,,0.08%, ,0.07%,1, Generalinis konsulatas Čikagoje (JAV)
Audronė NEKROŠIENĖ,,2.56%,7,2.53%,27, Generalinis konsulatas Čikagoje (JAV)
Gintaras SONGAILA,,7.09%,18,6.98%,76, Generalinis konsulatas Čikagoje (JAV)
Lilijana ASTRA,,1.36%,1,1.34%,17, Generalinis konsulatas Čikagoje (JAV)
Petras RUZGUS,,1.36%, ,1.34%,18, Generalinis konsulatas Čikagoje (JAV)
Liudvikas RAGAUSKIS,,1.28%,3,1.26%,14, Generalinis konsulatas Čikagoje (JAV)
Janina SLAVINSKAJA,, , , , , Generalinis konsulatas Čikagoje (JAV)
Jurijus PIVORIŪNAS,,0.15%, ,0.15%,2, Generalinis konsulatas Čikagoje (JAV)
Irena DEGUTIENĖ,,84.85%, ,77.78%,28, Generalinis Garbės konsulatas Los Andžele (JAV)
Algirdas GRICIUS,, , , , , Generalinis Garbės konsulatas Los Andžele (JAV)
Gintautas BUŽINSKAS,,3.03%, ,2.78%,1, Generalinis Garbės konsulatas Los Andžele (JAV)
Marija Aušrinė PAVILIONIENĖ,,9.09%, ,8.33%,3, Generalinis Garbės konsulatas Los Andžele (JAV)
Giedrė PURVANECKIENĖ,,3.03%, ,2.78%,1, Generalinis Garbės konsulatas Los Andžele (JAV)
Vytas NAVICKAS,, , , , , Generalinis Garbės konsulatas Los Andžele (JAV)
Nikolajus MANANIKOVAS,, , , , , Generalinis Garbės konsulatas Los Andžele (JAV)
Tadeuš ANDŽEJEVSKI,, , , , , Generalinis Garbės konsulatas Los Andžele (JAV)
Audronė NEKROŠIENĖ,, , , , , Generalinis Garbės konsulatas Los Andžele (JAV)
Gintaras SONGAILA,, , , , , Generalinis Garbės konsulatas Los Andžele (JAV)
Lilijana ASTRA,, , , , , Generalinis Garbės konsulatas Los Andžele (JAV)
Petras RUZGUS,, , , , , Generalinis Garbės konsulatas Los Andžele (JAV)
Liudvikas RAGAUSKIS,, , , , , Generalinis Garbės konsulatas Los Andžele (JAV)
Janina SLAVINSKAJA,, , , , , Generalinis Garbės konsulatas Los Andžele (JAV)
Jurijus PIVORIŪNAS,, , , , , Generalinis Garbės konsulatas Los Andžele (JAV)
Irena DEGUTIENĖ,,68.42%, ,68.42%,13, Garbės konsulatas Sietle (JAV)
Algirdas GRICIUS,,21.05%, ,21.05%,4, Garbės konsulatas Sietle (JAV)
Gintautas BUŽINSKAS,, , , , , Garbės konsulatas Sietle (JAV)
Marija Aušrinė PAVILIONIENĖ,, , , , , Garbės konsulatas Sietle (JAV)
Giedrė PURVANECKIENĖ,, , , , , Garbės konsulatas Sietle (JAV)
Vytas NAVICKAS,,5.26%, ,5.26%,1, Garbės konsulatas Sietle (JAV)
Nikolajus MANANIKOVAS,, , , , , Garbės konsulatas Sietle (JAV)
Tadeuš ANDŽEJEVSKI,, , , , , Garbės konsulatas Sietle (JAV)
Audronė NEKROŠIENĖ,,5.26%, ,5.26%,1, Garbės konsulatas Sietle (JAV)
Gintaras SONGAILA,, , , , , Garbės konsulatas Sietle (JAV)
Lilijana ASTRA,, , , , , Garbės konsulatas Sietle (JAV)
Petras RUZGUS,, , , , , Garbės konsulatas Sietle (JAV)
Liudvikas RAGAUSKIS,, , , , , Garbės konsulatas Sietle (JAV)
Janina SLAVINSKAJA,, , , , , Garbės konsulatas Sietle (JAV)
Jurijus PIVORIŪNAS,, , , , , Garbės konsulatas Sietle (JAV)
Irena DEGUTIENĖ,,60.11%, ,59.00%,449, Ambasada Jungtinėse Amerikos Valstijose
Algirdas GRICIUS,,18.61%, ,18.27%,139, Ambasada Jungtinėse Amerikos Valstijose
Gintautas BUŽINSKAS,,1.34%, ,1.31%,10, Ambasada Jungtinėse Amerikos Valstijose
Marija Aušrinė PAVILIONIENĖ,,3.48%, ,3.42%,26, Ambasada Jungtinėse Amerikos Valstijose
Giedrė PURVANECKIENĖ,,5.35%, ,5.26%,40, Ambasada Jungtinėse Amerikos Valstijose
Vytas NAVICKAS,,1.07%, ,1.05%,8, Ambasada Jungtinėse Amerikos Valstijose
Nikolajus MANANIKOVAS,,0.40%, ,0.39%,3, Ambasada Jungtinėse Amerikos Valstijose
Tadeuš ANDŽEJEVSKI,,0.13%, ,0.13%,1, Ambasada Jungtinėse Amerikos Valstijose
Audronė NEKROŠIENĖ,,2.14%, ,2.10%,16, Ambasada Jungtinėse Amerikos Valstijose
Gintaras SONGAILA,,2.54%, ,2.50%,19, Ambasada Jungtinėse Amerikos Valstijose
Lilijana ASTRA,,0.67%, ,0.66%,5, Ambasada Jungtinėse Amerikos Valstijose
Petras RUZGUS,,1.87%, ,1.84%,14, Ambasada Jungtinėse Amerikos Valstijose
Liudvikas RAGAUSKIS,,1.74%, ,1.71%,13, Ambasada Jungtinėse Amerikos Valstijose
Janina SLAVINSKAJA,, , , , , Ambasada Jungtinėse Amerikos Valstijose
Jurijus PIVORIŪNAS,,0.54%, ,0.53%,4, Ambasada Jungtinėse Amerikos Valstijose
Irena DEGUTIENĖ,,47.50%,7,44.19%,12, Ambasada Japonijoje
Algirdas GRICIUS,,20.00%,5,18.60%,3, Ambasada Japonijoje
Gintautas BUŽINSKAS,,10.00%, ,9.30%,4, Ambasada Japonijoje
Marija Aušrinė PAVILIONIENĖ,,5.00%, ,4.65%,2, Ambasada Japonijoje
Giedrė PURVANECKIENĖ,,2.50%, ,2.33%,1, Ambasada Japonijoje
Vytas NAVICKAS,,2.50%,1,2.33%, , Ambasada Japonijoje
Nikolajus MANANIKOVAS,,7.50%,2,6.98%,1, Ambasada Japonijoje
Tadeuš ANDŽEJEVSKI,, , , , , Ambasada Japonijoje
Audronė NEKROŠIENĖ,, , , , , Ambasada Japonijoje
Gintaras SONGAILA,,2.50%,1,2.33%, , Ambasada Japonijoje
Lilijana ASTRA,, , , , , Ambasada Japonijoje
Petras RUZGUS,,2.50%, ,2.33%,1, Ambasada Japonijoje
Liudvikas RAGAUSKIS,, , , , , Ambasada Japonijoje
Janina SLAVINSKAJA,, , , , , Ambasada Japonijoje
Jurijus PIVORIŪNAS,, , , , , Ambasada Japonijoje
Irena DEGUTIENĖ,,18.02%, ,17.70%,20, Ambasada Izraelio valstybėje
Algirdas GRICIUS,,4.50%, ,4.42%,5, Ambasada Izraelio valstybėje
Gintautas BUŽINSKAS,,21.62%, ,21.24%,24, Ambasada Izraelio valstybėje
Marija Aušrinė PAVILIONIENĖ,,3.60%, ,3.54%,4, Ambasada Izraelio valstybėje
Giedrė PURVANECKIENĖ,,19.82%, ,19.47%,22, Ambasada Izraelio valstybėje
Vytas NAVICKAS,,9.01%, ,8.85%,10, Ambasada Izraelio valstybėje
Nikolajus MANANIKOVAS,,1.80%, ,1.77%,2, Ambasada Izraelio valstybėje
Tadeuš ANDŽEJEVSKI,,1.80%, ,1.77%,2, Ambasada Izraelio valstybėje
Audronė NEKROŠIENĖ,,13.51%, ,13.27%,15, Ambasada Izraelio valstybėje
Gintaras SONGAILA,,0.90%, ,0.88%,1, Ambasada Izraelio valstybėje
Lilijana ASTRA,,2.70%, ,2.65%,3, Ambasada Izraelio valstybėje
Petras RUZGUS,, , , , , Ambasada Izraelio valstybėje
Liudvikas RAGAUSKIS,,2.70%, ,2.65%,3, Ambasada Izraelio valstybėje
Janina SLAVINSKAJA,, , , , , Ambasada Izraelio valstybėje
Jurijus PIVORIŪNAS,, , , , , Ambasada Izraelio valstybėje
Irena DEGUTIENĖ,,53.13%, ,51.91%,68, Ambasada Italijos Respublikoje
Algirdas GRICIUS,,18.75%, ,18.32%,24, Ambasada Italijos Respublikoje
Gintautas BUŽINSKAS,,3.13%, ,3.05%,4, Ambasada Italijos Respublikoje
Marija Aušrinė PAVILIONIENĖ,,7.03%, ,6.87%,9, Ambasada Italijos Respublikoje
Giedrė PURVANECKIENĖ,,7.03%, ,6.87%,9, Ambasada Italijos Respublikoje
Vytas NAVICKAS,,1.56%, ,1.53%,2, Ambasada Italijos Respublikoje
Nikolajus MANANIKOVAS,,0.78%, ,0.76%,1, Ambasada Italijos Respublikoje
Tadeuš ANDŽEJEVSKI,, , , , , Ambasada Italijos Respublikoje
Audronė NEKROŠIENĖ,,5.47%, ,5.34%,7, Ambasada Italijos Respublikoje
Gintaras SONGAILA,,1.56%, ,1.53%,2, Ambasada Italijos Respublikoje
Lilijana ASTRA,, , , , , Ambasada Italijos Respublikoje
Petras RUZGUS,,0.78%, ,0.76%,1, Ambasada Italijos Respublikoje
Liudvikas RAGAUSKIS,,0.78%, ,0.76%,1, Ambasada Italijos Respublikoje
Janina SLAVINSKAJA,, , , , , Ambasada Italijos Respublikoje
Jurijus PIVORIŪNAS,, , , , , Ambasada Italijos Respublikoje
Irena DEGUTIENĖ,,6.82%, ,6.52%,3, Balsavimo vieta Almerijoje
Algirdas GRICIUS,,6.82%, ,6.52%,3, Balsavimo vieta Almerijoje
Gintautas BUŽINSKAS,,20.45%, ,19.57%,9, Balsavimo vieta Almerijoje
Marija Aušrinė PAVILIONIENĖ,,2.27%, ,2.17%,1, Balsavimo vieta Almerijoje
Giedrė PURVANECKIENĖ,, , , , , Balsavimo vieta Almerijoje
Vytas NAVICKAS,,43.18%, ,41.30%,19, Balsavimo vieta Almerijoje
Nikolajus MANANIKOVAS,, , , , , Balsavimo vieta Almerijoje
Tadeuš ANDŽEJEVSKI,, , , , , Balsavimo vieta Almerijoje
Audronė NEKROŠIENĖ,,9.09%, ,8.70%,4, Balsavimo vieta Almerijoje
Gintaras SONGAILA,,2.27%, ,2.17%,1, Balsavimo vieta Almerijoje
Lilijana ASTRA,,2.27%, ,2.17%,1, Balsavimo vieta Almerijoje
Petras RUZGUS,,2.27%, ,2.17%,1, Balsavimo vieta Almerijoje
Liudvikas RAGAUSKIS,, , , , , Balsavimo vieta Almerijoje
Janina SLAVINSKAJA,, , , , , Balsavimo vieta Almerijoje
Jurijus PIVORIŪNAS,,4.55%, ,4.35%,2, Balsavimo vieta Almerijoje
Irena DEGUTIENĖ,,40.88%, ,40.58%,56, Ambasada Ispanijos Karalystėje
Algirdas GRICIUS,,11.68%, ,11.59%,16, Ambasada Ispanijos Karalystėje
Gintautas BUŽINSKAS,,11.68%, ,11.59%,16, Ambasada Ispanijos Karalystėje
Marija Aušrinė PAVILIONIENĖ,,5.84%, ,5.80%,8, Ambasada Ispanijos Karalystėje
Giedrė PURVANECKIENĖ,,11.68%, ,11.59%,16, Ambasada Ispanijos Karalystėje
Vytas NAVICKAS,,3.65%, ,3.62%,5, Ambasada Ispanijos Karalystėje
Nikolajus MANANIKOVAS,,4.38%, ,4.35%,6, Ambasada Ispanijos Karalystėje
Tadeuš ANDŽEJEVSKI,, , , , , Ambasada Ispanijos Karalystėje
Audronė NEKROŠIENĖ,,2.92%, ,2.90%,4, Ambasada Ispanijos Karalystėje
Gintaras SONGAILA,,1.46%, ,1.45%,2, Ambasada Ispanijos Karalystėje
Lilijana ASTRA,,0.73%, ,0.72%,1, Ambasada Ispanijos Karalystėje
Petras RUZGUS,,2.92%, ,2.90%,4, Ambasada Ispanijos Karalystėje
Liudvikas RAGAUSKIS,,0.73%, ,0.72%,1, Ambasada Ispanijos Karalystėje
Janina SLAVINSKAJA,, , , , , Ambasada Ispanijos Karalystėje
Jurijus PIVORIŪNAS,,1.46%, ,1.45%,2, Ambasada Ispanijos Karalystėje
Irena DEGUTIENĖ,,30.77%, ,30.77%,4, Ambasada Gruzijos Respublikoje
Algirdas GRICIUS,,15.38%, ,15.38%,2, Ambasada Gruzijos Respublikoje
Gintautas BUŽINSKAS,, , , , , Ambasada Gruzijos Respublikoje
Marija Aušrinė PAVILIONIENĖ,,23.08%, ,23.08%,3, Ambasada Gruzijos Respublikoje
Giedrė PURVANECKIENĖ,, , , , , Ambasada Gruzijos Respublikoje
Vytas NAVICKAS,,15.38%, ,15.38%,2, Ambasada Gruzijos Respublikoje
Nikolajus MANANIKOVAS,, , , , , Ambasada Gruzijos Respublikoje
Tadeuš ANDŽEJEVSKI,, , , , , Ambasada Gruzijos Respublikoje
Audronė NEKROŠIENĖ,, , , , , Ambasada Gruzijos Respublikoje
Gintaras SONGAILA,, , , , , Ambasada Gruzijos Respublikoje
Lilijana ASTRA,, , , , , Ambasada Gruzijos Respublikoje
Petras RUZGUS,, , , , , Ambasada Gruzijos Respublikoje
Liudvikas RAGAUSKIS,,15.38%, ,15.38%,2, Ambasada Gruzijos Respublikoje
Janina SLAVINSKAJA,, , , , , Ambasada Gruzijos Respublikoje
Jurijus PIVORIŪNAS,, , , , , Ambasada Gruzijos Respublikoje
Irena DEGUTIENĖ,,33.33%,14,32.69%,3, Ambasada Graikijos Respublikoje
Algirdas GRICIUS,,17.65%,8,17.31%,1, Ambasada Graikijos Respublikoje
Gintautas BUŽINSKAS,,13.73%,5,13.46%,2, Ambasada Graikijos Respublikoje
Marija Aušrinė PAVILIONIENĖ,,3.92%,2,3.85%, , Ambasada Graikijos Respublikoje
Giedrė PURVANECKIENĖ,,9.80%,4,9.62%,1, Ambasada Graikijos Respublikoje
Vytas NAVICKAS,,1.96%,1,1.92%, , Ambasada Graikijos Respublikoje
Nikolajus MANANIKOVAS,,3.92%, ,3.85%,2, Ambasada Graikijos Respublikoje
Tadeuš ANDŽEJEVSKI,,1.96%,1,1.92%, , Ambasada Graikijos Respublikoje
Audronė NEKROŠIENĖ,,11.76%,3,11.54%,3, Ambasada Graikijos Respublikoje
Gintaras SONGAILA,,1.96%, ,1.92%,1, Ambasada Graikijos Respublikoje
Lilijana ASTRA,, , , , , Ambasada Graikijos Respublikoje
Petras RUZGUS,, , , , , Ambasada Graikijos Respublikoje
Liudvikas RAGAUSKIS,, , , , , Ambasada Graikijos Respublikoje
Janina SLAVINSKAJA,, , , , , Ambasada Graikijos Respublikoje
Jurijus PIVORIŪNAS,, , , , , Ambasada Graikijos Respublikoje
Irena DEGUTIENĖ,,23.56%,31,22.55%,22, Ambasada Estijos Respublikoje
Algirdas GRICIUS,,5.78%,9,5.53%,4, Ambasada Estijos Respublikoje
Gintautas BUŽINSKAS,,16.00%,11,15.32%,25, Ambasada Estijos Respublikoje
Marija Aušrinė PAVILIONIENĖ,,1.33%,1,1.28%,2, Ambasada Estijos Respublikoje
Giedrė PURVANECKIENĖ,,8.89%,9,8.51%,11, Ambasada Estijos Respublikoje
Vytas NAVICKAS,,21.33%,12,20.43%,36, Ambasada Estijos Respublikoje
Nikolajus MANANIKOVAS,,6.22%,3,5.96%,11, Ambasada Estijos Respublikoje
Tadeuš ANDŽEJEVSKI,,1.33%,1,1.28%,2, Ambasada Estijos Respublikoje
Audronė NEKROŠIENĖ,,6.67%,3,6.38%,12, Ambasada Estijos Respublikoje
Gintaras SONGAILA,,2.67%,3,2.55%,3, Ambasada Estijos Respublikoje
Lilijana ASTRA,,1.78%,2,1.70%,2, Ambasada Estijos Respublikoje
Petras RUZGUS,,0.44%,1,0.43%, , Ambasada Estijos Respublikoje
Liudvikas RAGAUSKIS,,1.33%, ,1.28%,3, Ambasada Estijos Respublikoje
Janina SLAVINSKAJA,,0.44%,1,0.43%, , Ambasada Estijos Respublikoje
Jurijus PIVORIŪNAS,,2.22%,2,2.13%,3, Ambasada Estijos Respublikoje
Irena DEGUTIENĖ,, , , , , Ambasada Egipto Arabų Respublikoje
Algirdas GRICIUS,,57.14%, ,57.14%,4, Ambasada Egipto Arabų Respublikoje
Gintautas BUŽINSKAS,,14.29%, ,14.29%,1, Ambasada Egipto Arabų Respublikoje
Marija Aušrinė PAVILIONIENĖ,, , , , , Ambasada Egipto Arabų Respublikoje
Giedrė PURVANECKIENĖ,,28.57%, ,28.57%,2, Ambasada Egipto Arabų Respublikoje
Vytas NAVICKAS,, , , , , Ambasada Egipto Arabų Respublikoje
Nikolajus MANANIKOVAS,, , , , , Ambasada Egipto Arabų Respublikoje
Tadeuš ANDŽEJEVSKI,, , , , , Ambasada Egipto Arabų Respublikoje
Audronė NEKROŠIENĖ,, , , , , Ambasada Egipto Arabų Respublikoje
Gintaras SONGAILA,, , , , , Ambasada Egipto Arabų Respublikoje
Lilijana ASTRA,, , , , , Ambasada Egipto Arabų Respublikoje
Petras RUZGUS,, , , , , Ambasada Egipto Arabų Respublikoje
Liudvikas RAGAUSKIS,, , , , , Ambasada Egipto Arabų Respublikoje
Janina SLAVINSKAJA,, , , , , Ambasada Egipto Arabų Respublikoje
Jurijus PIVORIŪNAS,, , , , , Ambasada Egipto Arabų Respublikoje
Irena DEGUTIENĖ,,44.50%,43,43.48%,244, Ambasada Jungtinėje Didžiosios Britanijos ir Šiaurės Airijos Karalystėje
Algirdas GRICIUS,,24.03%,34,23.48%,121, Ambasada Jungtinėje Didžiosios Britanijos ir Šiaurės Airijos Karalystėje
Gintautas BUŽINSKAS,,4.19%,1,4.09%,26, Ambasada Jungtinėje Didžiosios Britanijos ir Šiaurės Airijos Karalystėje
Marija Aušrinė PAVILIONIENĖ,,4.19%,5,4.09%,22, Ambasada Jungtinėje Didžiosios Britanijos ir Šiaurės Airijos Karalystėje
Giedrė PURVANECKIENĖ,,7.75%,6,7.58%,44, Ambasada Jungtinėje Didžiosios Britanijos ir Šiaurės Airijos Karalystėje
Vytas NAVICKAS,,2.64%,1,2.58%,16, Ambasada Jungtinėje Didžiosios Britanijos ir Šiaurės Airijos Karalystėje
Nikolajus MANANIKOVAS,,0.78%,2,0.76%,3, Ambasada Jungtinėje Didžiosios Britanijos ir Šiaurės Airijos Karalystėje
Tadeuš ANDŽEJEVSKI,,0.16%,1,0.15%, , Ambasada Jungtinėje Didžiosios Britanijos ir Šiaurės Airijos Karalystėje
Audronė NEKROŠIENĖ,,4.34%,2,4.24%,26, Ambasada Jungtinėje Didžiosios Britanijos ir Šiaurės Airijos Karalystėje
Gintaras SONGAILA,,1.71%,1,1.67%,10, Ambasada Jungtinėje Didžiosios Britanijos ir Šiaurės Airijos Karalystėje
Lilijana ASTRA,,1.40%,1,1.36%,8, Ambasada Jungtinėje Didžiosios Britanijos ir Šiaurės Airijos Karalystėje
Petras RUZGUS,,0.93%,2,0.91%,4, Ambasada Jungtinėje Didžiosios Britanijos ir Šiaurės Airijos Karalystėje
Liudvikas RAGAUSKIS,,2.95%,1,2.88%,18, Ambasada Jungtinėje Didžiosios Britanijos ir Šiaurės Airijos Karalystėje
Janina SLAVINSKAJA,, , , , , Ambasada Jungtinėje Didžiosios Britanijos ir Šiaurės Airijos Karalystėje
Jurijus PIVORIŪNAS,,0.47%, ,0.45%,3, Ambasada Jungtinėje Didžiosios Britanijos ir Šiaurės Airijos Karalystėje
Irena DEGUTIENĖ,,42.13%, ,41.25%,99, Ambasada Danijos Karalystėje
Algirdas GRICIUS,,17.45%, ,17.08%,41, Ambasada Danijos Karalystėje
Gintautas BUŽINSKAS,,17.02%, ,16.67%,40, Ambasada Danijos Karalystėje
Marija Aušrinė PAVILIONIENĖ,,2.55%, ,2.50%,6, Ambasada Danijos Karalystėje
Giedrė PURVANECKIENĖ,,6.38%, ,6.25%,15, Ambasada Danijos Karalystėje
Vytas NAVICKAS,,0.85%, ,0.83%,2, Ambasada Danijos Karalystėje
Nikolajus MANANIKOVAS,,2.98%, ,2.92%,7, Ambasada Danijos Karalystėje
Tadeuš ANDŽEJEVSKI,, , , , , Ambasada Danijos Karalystėje
Audronė NEKROŠIENĖ,,3.83%, ,3.75%,9, Ambasada Danijos Karalystėje
Gintaras SONGAILA,,0.85%, ,0.83%,2, Ambasada Danijos Karalystėje
Lilijana ASTRA,,1.70%, ,1.67%,4, Ambasada Danijos Karalystėje
Petras RUZGUS,,2.13%, ,2.08%,5, Ambasada Danijos Karalystėje
Liudvikas RAGAUSKIS,,2.13%, ,2.08%,5, Ambasada Danijos Karalystėje
Janina SLAVINSKAJA,, , , , , Ambasada Danijos Karalystėje
Jurijus PIVORIŪNAS,, , , , , Ambasada Danijos Karalystėje
Irena DEGUTIENĖ,,28.89%,7,28.89%,6, Ambasada Čekijos Respublikoje
Algirdas GRICIUS,,26.67%,7,26.67%,5, Ambasada Čekijos Respublikoje
Gintautas BUŽINSKAS,,6.67%,1,6.67%,2, Ambasada Čekijos Respublikoje
Marija Aušrinė PAVILIONIENĖ,,6.67%,1,6.67%,2, Ambasada Čekijos Respublikoje
Giedrė PURVANECKIENĖ,,13.33%,5,13.33%,1, Ambasada Čekijos Respublikoje
Vytas NAVICKAS,,8.89%, ,8.89%,4, Ambasada Čekijos Respublikoje
Nikolajus MANANIKOVAS,, , , , , Ambasada Čekijos Respublikoje
Tadeuš ANDŽEJEVSKI,,2.22%,1,2.22%, , Ambasada Čekijos Respublikoje
Audronė NEKROŠIENĖ,,4.44%,1,4.44%,1, Ambasada Čekijos Respublikoje
Gintaras SONGAILA,, , , , , Ambasada Čekijos Respublikoje
Lilijana ASTRA,, , , , , Ambasada Čekijos Respublikoje
Petras RUZGUS,, , , , , Ambasada Čekijos Respublikoje
Liudvikas RAGAUSKIS,,2.22%, ,2.22%,1, Ambasada Čekijos Respublikoje
Janina SLAVINSKAJA,, , , , , Ambasada Čekijos Respublikoje
Jurijus PIVORIŪNAS,, , , , , Ambasada Čekijos Respublikoje
Irena DEGUTIENĖ,,54.55%,12,48.00%, , Garbės konsulatas Brazilijos Federacinėje Respublikoje
Algirdas GRICIUS,,9.09%,2,8.00%, , Garbės konsulatas Brazilijos Federacinėje Respublikoje
Gintautas BUŽINSKAS,,9.09%,2,8.00%, , Garbės konsulatas Brazilijos Federacinėje Respublikoje
Marija Aušrinė PAVILIONIENĖ,,4.55%,1,4.00%, , Garbės konsulatas Brazilijos Federacinėje Respublikoje
Giedrė PURVANECKIENĖ,, , , , , Garbės konsulatas Brazilijos Federacinėje Respublikoje
Vytas NAVICKAS,,4.55%,1,4.00%, , Garbės konsulatas Brazilijos Federacinėje Respublikoje
Nikolajus MANANIKOVAS,, , , , , Garbės konsulatas Brazilijos Federacinėje Respublikoje
Tadeuš ANDŽEJEVSKI,, , , , , Garbės konsulatas Brazilijos Federacinėje Respublikoje
Audronė NEKROŠIENĖ,, , , , , Garbės konsulatas Brazilijos Federacinėje Respublikoje
Gintaras SONGAILA,,4.55%,1,4.00%, , Garbės konsulatas Brazilijos Federacinėje Respublikoje
Lilijana ASTRA,, , , , , Garbės konsulatas Brazilijos Federacinėje Respublikoje
Petras RUZGUS,, , , , , Garbės konsulatas Brazilijos Federacinėje Respublikoje
Liudvikas RAGAUSKIS,, , , , , Garbės konsulatas Brazilijos Federacinėje Respublikoje
Janina SLAVINSKAJA,,9.09%,2,8.00%, , Garbės konsulatas Brazilijos Federacinėje Respublikoje
Jurijus PIVORIŪNAS,,4.55%,1,4.00%, , Garbės konsulatas Brazilijos Federacinėje Respublikoje
Irena DEGUTIENĖ,,56.38%,113,55.63%,55, Ambasada Belgijos Karalystėje
Algirdas GRICIUS,,21.81%,45,21.52%,20, Ambasada Belgijos Karalystėje
Gintautas BUŽINSKAS,,2.01%,3,1.99%,3, Ambasada Belgijos Karalystėje
Marija Aušrinė PAVILIONIENĖ,,2.68%,6,2.65%,2, Ambasada Belgijos Karalystėje
Giedrė PURVANECKIENĖ,,9.06%,13,8.94%,14, Ambasada Belgijos Karalystėje
Vytas NAVICKAS,,1.34%,2,1.32%,2, Ambasada Belgijos Karalystėje
Nikolajus MANANIKOVAS,, , , , , Ambasada Belgijos Karalystėje
Tadeuš ANDŽEJEVSKI,, , , , , Ambasada Belgijos Karalystėje
Audronė NEKROŠIENĖ,,3.02%,7,2.98%,2, Ambasada Belgijos Karalystėje
Gintaras SONGAILA,,0.67%, ,0.66%,2, Ambasada Belgijos Karalystėje
Lilijana ASTRA,,0.34%, ,0.33%,1, Ambasada Belgijos Karalystėje
Petras RUZGUS,,1.34%,2,1.32%,2, Ambasada Belgijos Karalystėje
Liudvikas RAGAUSKIS,,0.34%, ,0.33%,1, Ambasada Belgijos Karalystėje
Janina SLAVINSKAJA,,0.34%, ,0.33%,1, Ambasada Belgijos Karalystėje
Jurijus PIVORIŪNAS,,0.67%,1,0.66%,1, Ambasada Belgijos Karalystėje
Irena DEGUTIENĖ,,9.33%,4,9.33%,3, Konsulatas Gardine
Algirdas GRICIUS,,8.00%,1,8.00%,5, Konsulatas Gardine
Gintautas BUŽINSKAS,,13.33%, ,13.33%,10, Konsulatas Gardine
Marija Aušrinė PAVILIONIENĖ,,4.00%,1,4.00%,2, Konsulatas Gardine
Giedrė PURVANECKIENĖ,,8.00%, ,8.00%,6, Konsulatas Gardine
Vytas NAVICKAS,,16.00%, ,16.00%,12, Konsulatas Gardine
Nikolajus MANANIKOVAS,,6.67%,1,6.67%,4, Konsulatas Gardine
Tadeuš ANDŽEJEVSKI,,12.00%, ,12.00%,9, Konsulatas Gardine
Audronė NEKROŠIENĖ,,1.33%, ,1.33%,1, Konsulatas Gardine
Gintaras SONGAILA,,2.67%, ,2.67%,2, Konsulatas Gardine
Lilijana ASTRA,,4.00%, ,4.00%,3, Konsulatas Gardine
Petras RUZGUS,,4.00%, ,4.00%,3, Konsulatas Gardine
Liudvikas RAGAUSKIS,, , , , , Konsulatas Gardine
Janina SLAVINSKAJA,,10.67%, ,10.67%,8, Konsulatas Gardine
Jurijus PIVORIŪNAS,, , , , , Konsulatas Gardine
Irena DEGUTIENĖ,,12.20%,15,12.00%, , Ambasada Baltarusijos Respublikoje
Algirdas GRICIUS,,11.38%,12,11.20%,2, Ambasada Baltarusijos Respublikoje
Gintautas BUŽINSKAS,,18.70%,14,18.40%,9, Ambasada Baltarusijos Respublikoje
Marija Aušrinė PAVILIONIENĖ,,4.88%,1,4.80%,5, Ambasada Baltarusijos Respublikoje
Giedrė PURVANECKIENĖ,,6.50%,5,6.40%,3, Ambasada Baltarusijos Respublikoje
Vytas NAVICKAS,,13.82%,10,13.60%,7, Ambasada Baltarusijos Respublikoje
Nikolajus MANANIKOVAS,,19.51%,10,19.20%,14, Ambasada Baltarusijos Respublikoje
Tadeuš ANDŽEJEVSKI,,4.07%,4,4.00%,1, Ambasada Baltarusijos Respublikoje
Audronė NEKROŠIENĖ,,2.44%,1,2.40%,2, Ambasada Baltarusijos Respublikoje
Gintaras SONGAILA,, , , , , Ambasada Baltarusijos Respublikoje
Lilijana ASTRA,,0.81%, ,0.80%,1, Ambasada Baltarusijos Respublikoje
Petras RUZGUS,, , , , , Ambasada Baltarusijos Respublikoje
Liudvikas RAGAUSKIS,,3.25%,2,3.20%,2, Ambasada Baltarusijos Respublikoje
Janina SLAVINSKAJA,,0.81%, ,0.80%,1, Ambasada Baltarusijos Respublikoje
Jurijus PIVORIŪNAS,,1.63%,1,1.60%,1, Ambasada Baltarusijos Respublikoje
Irena DEGUTIENĖ,,43.53%,21,42.53%,16, Ambasada Austrijos Respublikoje
Algirdas GRICIUS,,17.65%,4,17.24%,11, Ambasada Austrijos Respublikoje
Gintautas BUŽINSKAS,,3.53%,3,3.45%, , Ambasada Austrijos Respublikoje
Marija Aušrinė PAVILIONIENĖ,,10.59%,3,10.34%,6, Ambasada Austrijos Respublikoje
Giedrė PURVANECKIENĖ,,11.76%,8,11.49%,2, Ambasada Austrijos Respublikoje
Vytas NAVICKAS,,2.35%,2,2.30%, , Ambasada Austrijos Respublikoje
Nikolajus MANANIKOVAS,,2.35%,1,2.30%,1, Ambasada Austrijos Respublikoje
Tadeuš ANDŽEJEVSKI,, , , , , Ambasada Austrijos Respublikoje
Audronė NEKROŠIENĖ,,4.71%,3,4.60%,1, Ambasada Austrijos Respublikoje
Gintaras SONGAILA,, , , , , Ambasada Austrijos Respublikoje
Lilijana ASTRA,,1.18%,1,1.15%, , Ambasada Austrijos Respublikoje
Petras RUZGUS,,1.18%,1,1.15%, , Ambasada Austrijos Respublikoje
Liudvikas RAGAUSKIS,, , , , , Ambasada Austrijos Respublikoje
Janina SLAVINSKAJA,, , , , , Ambasada Austrijos Respublikoje
Jurijus PIVORIŪNAS,,1.18%,1,1.15%, , Ambasada Austrijos Respublikoje
Irena DEGUTIENĖ,,67.50%, ,67.50%,27, Garbės konsulatas Australijoje (Sydnėjuje)
Algirdas GRICIUS,,10.00%, ,10.00%,4, Garbės konsulatas Australijoje (Sydnėjuje)
Gintautas BUŽINSKAS,,2.50%, ,2.50%,1, Garbės konsulatas Australijoje (Sydnėjuje)
Marija Aušrinė PAVILIONIENĖ,,5.00%, ,5.00%,2, Garbės konsulatas Australijoje (Sydnėjuje)
Giedrė PURVANECKIENĖ,, , , , , Garbės konsulatas Australijoje (Sydnėjuje)
Vytas NAVICKAS,, , , , , Garbės konsulatas Australijoje (Sydnėjuje)
Nikolajus MANANIKOVAS,, , , , , Garbės konsulatas Australijoje (Sydnėjuje)
Tadeuš ANDŽEJEVSKI,, , , , , Garbės konsulatas Australijoje (Sydnėjuje)
Audronė NEKROŠIENĖ,,7.50%, ,7.50%,3, Garbės konsulatas Australijoje (Sydnėjuje)
Gintaras SONGAILA,,2.50%, ,2.50%,1, Garbės konsulatas Australijoje (Sydnėjuje)
Lilijana ASTRA,, , , , , Garbės konsulatas Australijoje (Sydnėjuje)
Petras RUZGUS,, , , , , Garbės konsulatas Australijoje (Sydnėjuje)
Liudvikas RAGAUSKIS,,5.00%, ,5.00%,2, Garbės konsulatas Australijoje (Sydnėjuje)
Janina SLAVINSKAJA,, , , , , Garbės konsulatas Australijoje (Sydnėjuje)
Jurijus PIVORIŪNAS,, , , , , Garbės konsulatas Australijoje (Sydnėjuje)
Irena DEGUTIENĖ,,70.97%,32,69.84%,12, Garbės konsulatas Australijoje (Melburne)
Algirdas GRICIUS,,6.45%,2,6.35%,2, Garbės konsulatas Australijoje (Melburne)
Gintautas BUŽINSKAS,, , , , , Garbės konsulatas Australijoje (Melburne)
Marija Aušrinė PAVILIONIENĖ,,3.23%,2,3.17%, , Garbės konsulatas Australijoje (Melburne)
Giedrė PURVANECKIENĖ,,1.61%, ,1.59%,1, Garbės konsulatas Australijoje (Melburne)
Vytas NAVICKAS,, , , , , Garbės konsulatas Australijoje (Melburne)
Nikolajus MANANIKOVAS,, , , , , Garbės konsulatas Australijoje (Melburne)
Tadeuš ANDŽEJEVSKI,, , , , , Garbės konsulatas Australijoje (Melburne)
Audronė NEKROŠIENĖ,,6.45%,2,6.35%,2, Garbės konsulatas Australijoje (Melburne)
Gintaras SONGAILA,,6.45%,4,6.35%, , Garbės konsulatas Australijoje (Melburne)
Lilijana ASTRA,,1.61%,1,1.59%, , Garbės konsulatas Australijoje (Melburne)
Petras RUZGUS,, , , , , Garbės konsulatas Australijoje (Melburne)
Liudvikas RAGAUSKIS,,1.61%,1,1.59%, , Garbės konsulatas Australijoje (Melburne)
Janina SLAVINSKAJA,, , , , , Garbės konsulatas Australijoje (Melburne)
Jurijus PIVORIŪNAS,,1.61%,1,1.59%, , Garbės konsulatas Australijoje (Melburne)
Irena DEGUTIENĖ,,84.31%,32,82.69%,11, Garbės konsulatas Australijoje (Adelaidė)
Algirdas GRICIUS,,9.80%,2,9.62%,3, Garbės konsulatas Australijoje (Adelaidė)
Gintautas BUŽINSKAS,, , , , , Garbės konsulatas Australijoje (Adelaidė)
Marija Aušrinė PAVILIONIENĖ,, , , , , Garbės konsulatas Australijoje (Adelaidė)
Giedrė PURVANECKIENĖ,,1.96%, ,1.92%,1, Garbės konsulatas Australijoje (Adelaidė)
Vytas NAVICKAS,, , , , , Garbės konsulatas Australijoje (Adelaidė)
Nikolajus MANANIKOVAS,, , , , , Garbės konsulatas Australijoje (Adelaidė)
Tadeuš ANDŽEJEVSKI,, , , , , Garbės konsulatas Australijoje (Adelaidė)
Audronė NEKROŠIENĖ,,1.96%,1,1.92%, , Garbės konsulatas Australijoje (Adelaidė)
Gintaras SONGAILA,, , , , , Garbės konsulatas Australijoje (Adelaidė)
Lilijana ASTRA,, , , , , Garbės konsulatas Australijoje (Adelaidė)
Petras RUZGUS,, , , , , Garbės konsulatas Australijoje (Adelaidė)
Liudvikas RAGAUSKIS,, , , , , Garbės konsulatas Australijoje (Adelaidė)
Janina SLAVINSKAJA,, , , , , Garbės konsulatas Australijoje (Adelaidė)
Jurijus PIVORIŪNAS,,1.96%,1,1.92%, , Garbės konsulatas Australijoje (Adelaidė)
Irena DEGUTIENĖ,,16.28%,6,15.91%,8, Ambasada Argentinos Respublikoje
Algirdas GRICIUS,,29.07%,21,28.41%,4, Ambasada Argentinos Respublikoje
Gintautas BUŽINSKAS,,2.33%,1,2.27%,1, Ambasada Argentinos Respublikoje
Marija Aušrinė PAVILIONIENĖ,,3.49%,3,3.41%, , Ambasada Argentinos Respublikoje
Giedrė PURVANECKIENĖ,,27.91%,19,27.27%,5, Ambasada Argentinos Respublikoje
Vytas NAVICKAS,,2.33%,1,2.27%,1, Ambasada Argentinos Respublikoje
Nikolajus MANANIKOVAS,,1.16%,1,1.14%, , Ambasada Argentinos Respublikoje
Tadeuš ANDŽEJEVSKI,, , , , , Ambasada Argentinos Respublikoje
Audronė NEKROŠIENĖ,,8.14%,4,7.95%,3, Ambasada Argentinos Respublikoje
Gintaras SONGAILA,,1.16%, ,1.14%,1, Ambasada Argentinos Respublikoje
Lilijana ASTRA,, , , , , Ambasada Argentinos Respublikoje
Petras RUZGUS,, , , , , Ambasada Argentinos Respublikoje
Liudvikas RAGAUSKIS,,4.65%,3,4.55%,1, Ambasada Argentinos Respublikoje
Janina SLAVINSKAJA,,1.16%, ,1.14%,1, Ambasada Argentinos Respublikoje
Jurijus PIVORIŪNAS,,2.33%,2,2.27%, , Ambasada Argentinos Respublikoje
Irena DEGUTIENĖ,,37.95%, ,36.63%,63, Ambasada Airijos Respublikoje
Algirdas GRICIUS,,28.31%, ,27.33%,47, Ambasada Airijos Respublikoje
Gintautas BUŽINSKAS,,9.64%, ,9.30%,16, Ambasada Airijos Respublikoje
Marija Aušrinė PAVILIONIENĖ,,3.61%, ,3.49%,6, Ambasada Airijos Respublikoje
Giedrė PURVANECKIENĖ,,7.23%, ,6.98%,12, Ambasada Airijos Respublikoje
Vytas NAVICKAS,,1.81%, ,1.74%,3, Ambasada Airijos Respublikoje
Nikolajus MANANIKOVAS,, , , , , Ambasada Airijos Respublikoje
Tadeuš ANDŽEJEVSKI,,0.60%, ,0.58%,1, Ambasada Airijos Respublikoje
Audronė NEKROŠIENĖ,,4.82%, ,4.65%,8, Ambasada Airijos Respublikoje
Gintaras SONGAILA,,3.01%, ,2.91%,5, Ambasada Airijos Respublikoje
Lilijana ASTRA,,1.20%, ,1.16%,2, Ambasada Airijos Respublikoje
Petras RUZGUS,, , , , , Ambasada Airijos Respublikoje
Liudvikas RAGAUSKIS,,1.81%, ,1.74%,3, Ambasada Airijos Respublikoje
Janina SLAVINSKAJA,, , , , , Ambasada Airijos Respublikoje
Jurijus PIVORIŪNAS,, , , , , Ambasada Airijos Respublikoje
