dalyvavo,rinkeju_skaicius,apygarda,negaliojantys_biuleteniai,apylinke
1984,4729,Naujamiesčio (Nr.1) apygarda,88,Gedimino
1394,2854,Naujamiesčio (Nr.1) apygarda,60,Saltoniškių
546,1284,Naujamiesčio (Nr.1) apygarda,24,Sėlių
794,1456,Naujamiesčio (Nr.1) apygarda,46,Liubarto
617,1412,Naujamiesčio (Nr.1) apygarda,38,Vytauto
930,1850,Naujamiesčio (Nr.1) apygarda,48,Birutės
418,948,Naujamiesčio (Nr.1) apygarda,20,Pamėnkalnio
767,1421,Naujamiesčio (Nr.1) apygarda,43,Taurakalnio
1645,3381,Naujamiesčio (Nr.1) apygarda,105,SKonarskio
1003,2235,Naujamiesčio (Nr.1) apygarda,42,Mindaugo
930,2147,Naujamiesčio (Nr.1) apygarda,86,Vytenio
992,2797,Naujamiesčio (Nr.1) apygarda,94,Naugarduko
1156,3336,Naujamiesčio (Nr.1) apygarda,78,Algirdo
610,1744,Naujamiesčio (Nr.1) apygarda,64,Naujininkų
588,2163,Naujamiesčio (Nr.1) apygarda,62,Brolių
558,1786,Naujamiesčio (Nr.1) apygarda,54,Gimnazijos
616,1629,Lazdijų - Druskininkų (Nr.71) apygarda,13,Senamiesčio
317,669,Lazdijų - Druskininkų (Nr.71) apygarda,10,Avižienių
707,1472,Lazdijų - Druskininkų (Nr.71) apygarda,37,Naujamiesčio
76,176,Lazdijų - Druskininkų (Nr.71) apygarda,3,Bartelių
52,98,Lazdijų - Druskininkų (Nr.71) apygarda,0,Bugiedos
965,1969,Lazdijų - Druskininkų (Nr.71) apygarda,34,Atgimimo
98,327,Lazdijų - Druskininkų (Nr.71) apygarda,4,Būdviečio
630,2086,Lazdijų - Druskininkų (Nr.71) apygarda,26,Kloniškių
1271,3208,Lazdijų - Druskininkų (Nr.71) apygarda,37,Kalviškės
140,420,Lazdijų - Druskininkų (Nr.71) apygarda,2,Dumblio
569,1573,Lazdijų - Druskininkų (Nr.71) apygarda,13,Eglės
331,864,Lazdijų - Druskininkų (Nr.71) apygarda,23,Kapčiamiesčio
239,574,Lazdijų - Druskininkų (Nr.71) apygarda,7,AKirsnos
394,1156,Lazdijų - Druskininkų (Nr.71) apygarda,7,Ratnyčios
175,373,Lazdijų - Druskininkų (Nr.71) apygarda,4,Kirsnos
84,263,Lazdijų - Druskininkų (Nr.71) apygarda,1,Grūto
182,343,Lazdijų - Druskininkų (Nr.71) apygarda,11,Krikštonių
107,321,Lazdijų - Druskininkų (Nr.71) apygarda,2,Švendubrės
478,1449,Lazdijų - Druskininkų (Nr.71) apygarda,12,Viečiūnų
327,798,Lazdijų - Druskininkų (Nr.71) apygarda,18,Krosnos
163,498,Lazdijų - Druskininkų (Nr.71) apygarda,7,Kuklių
302,926,Lazdijų - Druskininkų (Nr.71) apygarda,8,Neravų
674,1891,Lazdijų - Druskininkų (Nr.71) apygarda,36,Leipalingio
257,655,Lazdijų - Druskininkų (Nr.71) apygarda,6,Kučiūnų
81,193,Lazdijų - Druskininkų (Nr.71) apygarda,5,Lipliūnų
107,303,Lazdijų - Druskininkų (Nr.71) apygarda,4,Vytautų
309,934,Lazdijų - Druskininkų (Nr.71) apygarda,11,Ricielių
1823,4589,Lazdijų - Druskininkų (Nr.71) apygarda,62,Lazdijų
109,281,Lazdijų - Druskininkų (Nr.71) apygarda,12,Metelių
129,311,Lazdijų - Druskininkų (Nr.71) apygarda,3,Nemajūnų
103,300,Lazdijų - Druskininkų (Nr.71) apygarda,3,Noragėlių
56,234,Lazdijų - Druskininkų (Nr.71) apygarda,0,Petroškų
186,451,Lazdijų - Druskininkų (Nr.71) apygarda,6,Rudaminos
127,330,Lazdijų - Druskininkų (Nr.71) apygarda,4,Seiliūnų
693,1290,Lazdijų - Druskininkų (Nr.71) apygarda,14,Seirijų
208,362,Lazdijų - Druskininkų (Nr.71) apygarda,8,Stebulių
371,1035,Lazdijų - Druskininkų (Nr.71) apygarda,21,Šeštokų
343,814,Lazdijų - Druskininkų (Nr.71) apygarda,5,Šventežerio
234,531,Lazdijų - Druskininkų (Nr.71) apygarda,7,Teizų
178,373,Lazdijų - Druskininkų (Nr.71) apygarda,2,Verstaminų
737,1996,Lazdijų - Druskininkų (Nr.71) apygarda,26,Veisiejų
131,340,Lazdijų - Druskininkų (Nr.71) apygarda,4,Viktarinos
123,267,Lazdijų - Druskininkų (Nr.71) apygarda,2,Žagarių
134,344,Lazdijų - Druskininkų (Nr.71) apygarda,3,Varnėnų
150,488,Varėnos - Eišiškių (Nr.70) apygarda,3,Puodžių
205,569,Varėnos - Eišiškių (Nr.70) apygarda,0,Žilinų
186,548,Varėnos - Eišiškių (Nr.70) apygarda,8,Dubičių
161,547,Varėnos - Eišiškių (Nr.70) apygarda,9,Panočių
111,285,Varėnos - Eišiškių (Nr.70) apygarda,6,Kabelių
230,547,Varėnos - Eišiškių (Nr.70) apygarda,3,Marcinkonių
107,233,Varėnos - Eišiškių (Nr.70) apygarda,0,Margionių
71,120,Varėnos - Eišiškių (Nr.70) apygarda,0,Puvočių
69,122,Varėnos - Eišiškių (Nr.70) apygarda,1,Žiūrų
132,478,Varėnos - Eišiškių (Nr.70) apygarda,5,Krūminių
429,826,Varėnos - Eišiškių (Nr.70) apygarda,8,Butrimonių
305,452,Varėnos - Eišiškių (Nr.70) apygarda,7,Jančiūnų
423,1286,Varėnos - Eišiškių (Nr.70) apygarda,22,Matuizų
929,2308,Varėnos - Eišiškių (Nr.70) apygarda,20,Eišiškių
277,634,Varėnos - Eišiškių (Nr.70) apygarda,8,Jurzdikos
45,239,Varėnos - Eišiškių (Nr.70) apygarda,1,Gudakiemio
127,292,Varėnos - Eišiškių (Nr.70) apygarda,9,Kibyšių
335,677,Varėnos - Eišiškių (Nr.70) apygarda,1,Gornostajiškių
516,1387,Varėnos - Eišiškių (Nr.70) apygarda,30,Merkinės
465,1017,Varėnos - Eišiškių (Nr.70) apygarda,8,Kalesninkų
91,246,Varėnos - Eišiškių (Nr.70) apygarda,0,Panaros
388,692,Varėnos - Eišiškių (Nr.70) apygarda,7,Purvėnų
165,416,Varėnos - Eišiškių (Nr.70) apygarda,9,Vilkiautinio
399,758,Varėnos - Eišiškių (Nr.70) apygarda,5,Dainavos
112,387,Varėnos - Eišiškių (Nr.70) apygarda,9,Pilvingių
485,728,Varėnos - Eišiškių (Nr.70) apygarda,7,Pabarės
179,448,Varėnos - Eišiškių (Nr.70) apygarda,7,Tetėnų
62,212,Varėnos - Eišiškių (Nr.70) apygarda,2,Daržininkų
145,306,Varėnos - Eišiškių (Nr.70) apygarda,13,Dargužių
277,801,Varėnos - Eišiškių (Nr.70) apygarda,8,Valkininkų
207,593,Varėnos - Eišiškių (Nr.70) apygarda,5,Pušelės
149,412,Varėnos - Eišiškių (Nr.70) apygarda,12,Gudžių
88,268,Varėnos - Eišiškių (Nr.70) apygarda,1,Nedzingės
215,577,Varėnos - Eišiškių (Nr.70) apygarda,7,Perlojos
116,297,Varėnos - Eišiškių (Nr.70) apygarda,1,Sarapiniškių
123,391,Varėnos - Eišiškių (Nr.70) apygarda,9,Tolkūnų
159,430,Varėnos - Eišiškių (Nr.70) apygarda,3,Krivilių
250,762,Varėnos - Eišiškių (Nr.70) apygarda,5,Vydenių
217,332,Varėnos - Eišiškių (Nr.70) apygarda,2,Dailidžių
116,277,Varėnos - Eišiškių (Nr.70) apygarda,10,Rudnios
1009,2842,Varėnos - Eišiškių (Nr.70) apygarda,44,Parko
139,224,Varėnos - Eišiškių (Nr.70) apygarda,4,Tausiūnų
782,2230,Varėnos - Eišiškių (Nr.70) apygarda,43,Dzūkų
932,2687,Varėnos - Eišiškių (Nr.70) apygarda,42,Šilo
342,1085,Varėnos - Eišiškių (Nr.70) apygarda,11,SenosiosVarėnos
255,765,Dzūkijos (Nr.69) apygarda,8,Praniūnų
135,384,Dzūkijos (Nr.69) apygarda,5,Genių
449,1299,Dzūkijos (Nr.69) apygarda,19,Miklusėnų
384,1144,Dzūkijos (Nr.69) apygarda,29,Santaikos
257,637,Dzūkijos (Nr.69) apygarda,9,Luksnėnų
1137,3160,Dzūkijos (Nr.69) apygarda,75,Kolegijos
409,1281,Dzūkijos (Nr.69) apygarda,25,Geištarų
498,1352,Dzūkijos (Nr.69) apygarda,17,Miroslavo
775,2131,Dzūkijos (Nr.69) apygarda,54,Putinų
187,431,Dzūkijos (Nr.69) apygarda,1,Parėčėnų
805,2222,Dzūkijos (Nr.69) apygarda,70,Šaltinių
96,144,Dzūkijos (Nr.69) apygarda,4,Papėčių
201,517,Dzūkijos (Nr.69) apygarda,1,Kumečių
334,1318,Dzūkijos (Nr.69) apygarda,16,Ūdrijos
184,492,Dzūkijos (Nr.69) apygarda,5,Vankiškių
536,1669,Dzūkijos (Nr.69) apygarda,37,Alytausdujųūkio
631,1427,Dzūkijos (Nr.69) apygarda,25,Simno
321,1480,Dzūkijos (Nr.69) apygarda,26,Pramonės
178,453,Dzūkijos (Nr.69) apygarda,7,Mergalaukio
152,391,Dzūkijos (Nr.69) apygarda,4,Kalesninkų
133,251,Dzūkijos (Nr.69) apygarda,3,Kavalčiukų
173,420,Dzūkijos (Nr.69) apygarda,7,Ąžuolinių
162,466,Dzūkijos (Nr.69) apygarda,13,Verebiejų
47,170,Dzūkijos (Nr.69) apygarda,1,Gluosninkų
402,866,Dzūkijos (Nr.69) apygarda,11,Krokialaukio
213,582,Dzūkijos (Nr.69) apygarda,14,Ūdrijos
198,527,Dzūkijos (Nr.69) apygarda,16,Santaikos
266,630,Dzūkijos (Nr.69) apygarda,6,Punios
123,279,Dzūkijos (Nr.69) apygarda,3,Raižių
302,920,Dzūkijos (Nr.69) apygarda,17,Vaisodžių
108,233,Dzūkijos (Nr.69) apygarda,2,Žagarių
573,1042,Dzūkijos (Nr.69) apygarda,24,Butrimonių
134,259,Dzūkijos (Nr.69) apygarda,2,Vanagėlių
341,558,Dzūkijos (Nr.69) apygarda,10,Eičiūnų
308,500,Dzūkijos (Nr.69) apygarda,6,Pivašiūnų
119,203,Dzūkijos (Nr.69) apygarda,7,Mikalavo
115,212,Dzūkijos (Nr.69) apygarda,6,Junčionių
140,410,Dzūkijos (Nr.69) apygarda,4,Jurgelionių
98,173,Dzūkijos (Nr.69) apygarda,3,Kedonių
733,1783,Dzūkijos (Nr.69) apygarda,33,Daugų
50,85,Dzūkijos (Nr.69) apygarda,1,Rodžios
190,447,Dzūkijos (Nr.69) apygarda,6,Vaikantonių
139,359,Dzūkijos (Nr.69) apygarda,5,Rimėnų
46,116,Dzūkijos (Nr.69) apygarda,1,Meškučių
74,187,Dzūkijos (Nr.69) apygarda,2,Pocelonių
205,777,Dzūkijos (Nr.69) apygarda,4,Alytaus
319,938,Dzūkijos (Nr.69) apygarda,12,Venciūnų
285,718,Dzūkijos (Nr.69) apygarda,3,Alovės
93,269,Dzūkijos (Nr.69) apygarda,3,Ilgų
197,424,Dzūkijos (Nr.69) apygarda,13,Makniūnų
184,364,Dzūkijos (Nr.69) apygarda,6,Ryliškių
364,1041,Dzūkijos (Nr.69) apygarda,27,Nemunaičio
964,2765,Prienų - Birštono (Nr.67) apygarda,28,DariausirGirėno
931,2449,Prienų - Birštono (Nr.67) apygarda,45,Birštonom
676,2003,Prienų - Birštono (Nr.67) apygarda,30,JBasanavičiaus
496,1207,Prienų - Birštono (Nr.67) apygarda,6,Birštonovienkiemio
190,534,Prienų - Birštono (Nr.67) apygarda,7,Nemajūnų
451,1371,Prienų - Birštono (Nr.67) apygarda,12,Kęstučio
854,2484,Prienų - Birštono (Nr.67) apygarda,38,Statybininkų
91,373,Prienų - Birštono (Nr.67) apygarda,3,Žemaitkiemio
172,610,Prienų - Birštono (Nr.67) apygarda,4,Šiauliškių
253,781,Prienų - Birštono (Nr.67) apygarda,12,Išlaužo
124,414,Prienų - Birštono (Nr.67) apygarda,2,NaujosiosŪtos
155,464,Prienų - Birštono (Nr.67) apygarda,6,Jiestrakio
108,450,Prienų - Birštono (Nr.67) apygarda,1,Klebiškio
142,585,Prienų - Birštono (Nr.67) apygarda,5,Šilavoto
295,1077,Prienų - Birštono (Nr.67) apygarda,16,Skriaudžių
181,536,Prienų - Birštono (Nr.67) apygarda,11,Juodbūdžio
503,1593,Prienų - Birštono (Nr.67) apygarda,24,Veiverių
264,865,Prienų - Birštono (Nr.67) apygarda,5,Balbieriškiomiestelio
436,1027,Prienų - Birštono (Nr.67) apygarda,18,Jieznomiesto
268,752,Prienų - Birštono (Nr.67) apygarda,13,Jieznokaimiškoji
220,670,Prienų - Birštono (Nr.67) apygarda,4,Kašonių
107,308,Prienų - Birštono (Nr.67) apygarda,4,Vėžionių
177,612,Prienų - Birštono (Nr.67) apygarda,2,Ašmintos
233,776,Prienų - Birštono (Nr.67) apygarda,8,Strielčių
153,760,Prienų - Birštono (Nr.67) apygarda,10,Balbieriškiokaimiškoji
190,604,Prienų - Birštono (Nr.67) apygarda,8,Paprūdžių
63,291,Prienų - Birštono (Nr.67) apygarda,0,Žiūronių
322,909,Prienų - Birštono (Nr.67) apygarda,12,Pakuonio
76,230,Prienų - Birštono (Nr.67) apygarda,2,Purvininkų
280,715,Prienų - Birštono (Nr.67) apygarda,5,Vyšniūnų
112,359,Prienų - Birštono (Nr.67) apygarda,3,Užuguosčio
114,522,Prienų - Birštono (Nr.67) apygarda,6,Pieštuvėnų
288,817,Prienų - Birštono (Nr.67) apygarda,8,Stakliškių
489,1288,Kauno kaimiškoji (Nr.66) apygarda,31,Mastaičių
207,707,Kauno kaimiškoji (Nr.66) apygarda,20,Pažėrų
226,744,Kauno kaimiškoji (Nr.66) apygarda,11,Juragių
386,1134,Kauno kaimiškoji (Nr.66) apygarda,23,Ilgakiemio
1116,2755,Kauno kaimiškoji (Nr.66) apygarda,56,Teleičių
798,2722,Kauno kaimiškoji (Nr.66) apygarda,91,Karmėlavos
996,2588,Kauno kaimiškoji (Nr.66) apygarda,91,Ramučių
885,2695,Kauno kaimiškoji (Nr.66) apygarda,71,Neveronių
478,1239,Kauno kaimiškoji (Nr.66) apygarda,27,Universiteto
812,1521,Kauno kaimiškoji (Nr.66) apygarda,51,Akademijos
1303,3269,Kauno kaimiškoji (Nr.66) apygarda,76,Ringaudų
195,841,Kauno kaimiškoji (Nr.66) apygarda,9,Nemuno
516,1863,Kauno kaimiškoji (Nr.66) apygarda,38,Šlienavos
606,1953,Kauno kaimiškoji (Nr.66) apygarda,31,Girionių
388,1554,Kauno kaimiškoji (Nr.66) apygarda,32,Taurakiemio
516,1455,Kauno kaimiškoji (Nr.66) apygarda,51,Zapyškio
216,731,Kauno kaimiškoji (Nr.66) apygarda,12,Altoniškių
558,1496,Kauno kaimiškoji (Nr.66) apygarda,55,Ežerėlio
713,1849,Kauno kaimiškoji (Nr.66) apygarda,41,Garliavos
808,2058,Kauno kaimiškoji (Nr.66) apygarda,52,Liepų
584,1536,Kauno kaimiškoji (Nr.66) apygarda,46,Jonučių
300,639,Kauno kaimiškoji (Nr.66) apygarda,10,Kačerginės
202,569,Kauno kaimiškoji (Nr.66) apygarda,17,Linksmakalnio
688,1766,Kauno kaimiškoji (Nr.66) apygarda,43,Menomokyklos
619,1662,Kauno kaimiškoji (Nr.66) apygarda,31,Bibliotekos
711,2005,Kauno kaimiškoji (Nr.66) apygarda,59,SLozoraičio
82,180,Kauno - Kėdainių (Nr.65) apygarda,1,Angirių
113,398,Kauno - Kėdainių (Nr.65) apygarda,9,Ažytėnų
513,1495,Kauno - Kėdainių (Nr.65) apygarda,25,Babtų
185,372,Kauno - Kėdainių (Nr.65) apygarda,7,Beinaičių
198,688,Kauno - Kėdainių (Nr.65) apygarda,13,Pagynės
323,1076,Kauno - Kėdainių (Nr.65) apygarda,3,Panevėžiuko
372,892,Kauno - Kėdainių (Nr.65) apygarda,14,Čekiškės
248,636,Kauno - Kėdainių (Nr.65) apygarda,5,Liučiūnų
634,1825,Kauno - Kėdainių (Nr.65) apygarda,89,Domeikavos
574,1572,Kauno - Kėdainių (Nr.65) apygarda,42,Josvainių
606,1962,Kauno - Kėdainių (Nr.65) apygarda,59,Neries
256,811,Kauno - Kėdainių (Nr.65) apygarda,17,Voškonių
668,2451,Kauno - Kėdainių (Nr.65) apygarda,62,Lapių
343,880,Kauno - Kėdainių (Nr.65) apygarda,16,Krakių
173,570,Kauno - Kėdainių (Nr.65) apygarda,6,Kunionių
325,787,Kauno - Kėdainių (Nr.65) apygarda,14,Labūnavos
166,359,Kauno - Kėdainių (Nr.65) apygarda,3,Langakių
146,467,Kauno - Kėdainių (Nr.65) apygarda,11,Medėkšių
176,406,Kauno - Kėdainių (Nr.65) apygarda,6,Meironiškio
839,2384,Kauno - Kėdainių (Nr.65) apygarda,100,Raudondvario
149,413,Kauno - Kėdainių (Nr.65) apygarda,1,Nociūnų
448,1131,Kauno - Kėdainių (Nr.65) apygarda,32,Batniavos
111,259,Kauno - Kėdainių (Nr.65) apygarda,6,Paaluonio
155,498,Kauno - Kėdainių (Nr.65) apygarda,5,Pajieslio
155,403,Kauno - Kėdainių (Nr.65) apygarda,3,Pašušvio
384,1000,Kauno - Kėdainių (Nr.65) apygarda,12,Pelėdnagių
138,337,Kauno - Kėdainių (Nr.65) apygarda,6,Pelutavos
695,2089,Kauno - Kėdainių (Nr.65) apygarda,78,Užliedžių
121,389,Kauno - Kėdainių (Nr.65) apygarda,9,Pernaravos
400,1413,Kauno - Kėdainių (Nr.65) apygarda,13,Vandžiogalos
155,363,Kauno - Kėdainių (Nr.65) apygarda,7,Padauguvos
241,680,Kauno - Kėdainių (Nr.65) apygarda,6,Saulėtekių
197,456,Kauno - Kėdainių (Nr.65) apygarda,4,Daugėliškių
60,222,Kauno - Kėdainių (Nr.65) apygarda,5,Saviečių
103,280,Kauno - Kėdainių (Nr.65) apygarda,2,Skaistgirių
574,1252,Kauno - Kėdainių (Nr.65) apygarda,77,Kulautuvos
422,1326,Kauno - Kėdainių (Nr.65) apygarda,16,Vilkijos
728,2223,Kauno - Kėdainių (Nr.65) apygarda,76,Žalgirio
116,423,Kauno - Kėdainių (Nr.65) apygarda,7,Vainikų
350,1001,Kauno - Kėdainių (Nr.65) apygarda,21,Mokyklos
576,1527,Kauno - Kėdainių (Nr.65) apygarda,85,Saulės
350,1027,Kauno - Kėdainių (Nr.65) apygarda,25,Muniškių
783,1632,Šakių (Nr.64) apygarda,26,Žiburio
918,2104,Šakių (Nr.64) apygarda,22,Varpo
563,1374,Šakių (Nr.64) apygarda,13,Aušros
188,480,Šakių (Nr.64) apygarda,4,Barzdų
133,378,Šakių (Nr.64) apygarda,4,Baltrušių
138,431,Šakių (Nr.64) apygarda,8,Būblelių
219,504,Šakių (Nr.64) apygarda,4,Panovių
758,2398,Šakių (Nr.64) apygarda,21,Gelgaudiškio
299,834,Šakių (Nr.64) apygarda,6,Plokščių
347,888,Šakių (Nr.64) apygarda,7,Griškabūdžio
104,324,Šakių (Nr.64) apygarda,0,Degutinės
166,538,Šakių (Nr.64) apygarda,3,Patašinės
196,481,Šakių (Nr.64) apygarda,2,Paluobių
589,1571,Šakių (Nr.64) apygarda,12,Kidulių
176,521,Šakių (Nr.64) apygarda,4,Voverių
278,828,Šakių (Nr.64) apygarda,7,Sudargo
388,971,Šakių (Nr.64) apygarda,9,Kriūkų
264,700,Šakių (Nr.64) apygarda,6,Gerdžiūnų
351,1018,Šakių (Nr.64) apygarda,22,Lekėčių
157,450,Šakių (Nr.64) apygarda,5,Daržininkų
135,374,Šakių (Nr.64) apygarda,1,Mikytų
543,1607,Šakių (Nr.64) apygarda,20,Lukšių
232,642,Šakių (Nr.64) apygarda,3,Liepalotų
263,1147,Šakių (Nr.64) apygarda,13,Sūdavos
265,557,Šakių (Nr.64) apygarda,4,Sintautų
203,539,Šakių (Nr.64) apygarda,4,Veršių
144,397,Šakių (Nr.64) apygarda,2,Keturnaujienos
175,530,Šakių (Nr.64) apygarda,7,Žvirgždaičių
237,637,Šakių (Nr.64) apygarda,4,Slavikų
171,541,Šakių (Nr.64) apygarda,9,Gotlybiškių
137,549,Šakių (Nr.64) apygarda,0,Išdagų
292,850,Šakių (Nr.64) apygarda,4,Giedručių
120,357,Šakių (Nr.64) apygarda,6,Ritinių
395,967,Šakių (Nr.64) apygarda,10,Girėnų
178,499,Šakių (Nr.64) apygarda,3,Briedžių
659,1527,Šakių (Nr.64) apygarda,23,KudirkosNaumiesčio
104,267,Šakių (Nr.64) apygarda,0,Slabadų
599,1795,Suvalkijos (Nr.63) apygarda,46,KalvarijosVakarinė
393,1251,Suvalkijos (Nr.63) apygarda,15,KazlųRūdos
511,1849,Suvalkijos (Nr.63) apygarda,30,KalvarijosRytinė
664,2062,Suvalkijos (Nr.63) apygarda,21,Pušų
290,1142,Suvalkijos (Nr.63) apygarda,8,Jungėnų
512,1521,Suvalkijos (Nr.63) apygarda,50,Mindaugo
145,538,Suvalkijos (Nr.63) apygarda,17,Liepų
85,344,Suvalkijos (Nr.63) apygarda,7,Brukų
153,528,Suvalkijos (Nr.63) apygarda,5,Bagotosios
108,279,Suvalkijos (Nr.63) apygarda,3,Sūsninkų
94,324,Suvalkijos (Nr.63) apygarda,1,Mockų
186,641,Suvalkijos (Nr.63) apygarda,8,Antanavo
240,725,Suvalkijos (Nr.63) apygarda,10,Jusevičių
158,389,Suvalkijos (Nr.63) apygarda,10,VišakioRūdos
183,638,Suvalkijos (Nr.63) apygarda,15,Jūrės
159,531,Suvalkijos (Nr.63) apygarda,17,Sangrūdos
143,383,Suvalkijos (Nr.63) apygarda,9,Jūrės
112,332,Suvalkijos (Nr.63) apygarda,2,Radiškės
132,342,Suvalkijos (Nr.63) apygarda,8,Salaperaugio
163,581,Suvalkijos (Nr.63) apygarda,6,Plutiškių
119,347,Suvalkijos (Nr.63) apygarda,5,Liubavo
302,909,Suvalkijos (Nr.63) apygarda,11,ĄžuolųBūdos
82,304,Suvalkijos (Nr.63) apygarda,4,Brazavo
97,415,Suvalkijos (Nr.63) apygarda,11,Bebruliškės
94,412,Suvalkijos (Nr.63) apygarda,4,Būdos
106,325,Suvalkijos (Nr.63) apygarda,6,Jurgežerių
94,336,Suvalkijos (Nr.63) apygarda,4,Tarprubežių
190,586,Suvalkijos (Nr.63) apygarda,13,Jankų
123,324,Suvalkijos (Nr.63) apygarda,0,Akmenynų
327,1398,Suvalkijos (Nr.63) apygarda,11,Mokolųkaimo
105,351,Suvalkijos (Nr.63) apygarda,4,Kampinių
130,343,Suvalkijos (Nr.63) apygarda,4,Aistiškių
223,810,Suvalkijos (Nr.63) apygarda,18,Šunskų
250,917,Suvalkijos (Nr.63) apygarda,10,Sasnavos
178,706,Suvalkijos (Nr.63) apygarda,7,Puskelnių
95,463,Suvalkijos (Nr.63) apygarda,1,Smilgių
317,1265,Suvalkijos (Nr.63) apygarda,13,Baraginės
275,1150,Suvalkijos (Nr.63) apygarda,18,Patašinės
102,427,Suvalkijos (Nr.63) apygarda,3,Igliškėlių
312,1061,Suvalkijos (Nr.63) apygarda,15,Igliaukos
106,399,Suvalkijos (Nr.63) apygarda,3,Šventragio
155,612,Suvalkijos (Nr.63) apygarda,3,Gudelių
62,262,Suvalkijos (Nr.63) apygarda,2,Daugirdų
73,268,Suvalkijos (Nr.63) apygarda,11,Daukšių
126,504,Suvalkijos (Nr.63) apygarda,11,Padovinio
299,1078,Suvalkijos (Nr.63) apygarda,12,Želsvos
387,1487,Suvalkijos (Nr.63) apygarda,33,Liudvinavo
227,955,Suvalkijos (Nr.63) apygarda,11,Netičkampio
196,620,Suvalkijos (Nr.63) apygarda,10,Valavičių
259,883,Suvalkijos (Nr.63) apygarda,12,Balsupių
43,203,Suvalkijos (Nr.63) apygarda,1,Varnupių
236,961,Suvalkijos (Nr.63) apygarda,19,Meškučių
74,205,Suvalkijos (Nr.63) apygarda,1,Kūlokų
94,290,Suvalkijos (Nr.63) apygarda,6,Tautkaičių
116,371,Suvalkijos (Nr.63) apygarda,1,Gavaltuvos
308,951,Jurbarko (Nr.62) apygarda,16,Viešvilės
362,1234,Jurbarko (Nr.62) apygarda,19,Smalininkų
400,1523,Jurbarko (Nr.62) apygarda,15,Jurbarkų
206,593,Jurbarko (Nr.62) apygarda,4,Rotulių
185,629,Jurbarko (Nr.62) apygarda,6,Žindaičių
201,571,Jurbarko (Nr.62) apygarda,11,Eržvilko
152,349,Jurbarko (Nr.62) apygarda,7,Pašaltuonio
274,559,Jurbarko (Nr.62) apygarda,10,Lybiškių
183,433,Jurbarko (Nr.62) apygarda,3,Kartupių
114,340,Jurbarko (Nr.62) apygarda,0,Rutkiškių
139,363,Jurbarko (Nr.62) apygarda,4,Pavidaujo
222,742,Jurbarko (Nr.62) apygarda,20,Girdžių
197,765,Jurbarko (Nr.62) apygarda,11,Vadžgirio
147,368,Jurbarko (Nr.62) apygarda,6,Šimkaičių
112,333,Jurbarko (Nr.62) apygarda,2,Paulių
113,270,Jurbarko (Nr.62) apygarda,3,Volungiškės
140,395,Jurbarko (Nr.62) apygarda,3,Juodaičių
178,373,Jurbarko (Nr.62) apygarda,3,Armeniškių
302,866,Jurbarko (Nr.62) apygarda,18,Seredžiaus
289,890,Jurbarko (Nr.62) apygarda,18,Klausučių
92,183,Jurbarko (Nr.62) apygarda,0,Gricių
138,377,Jurbarko (Nr.62) apygarda,7,Tamošių
364,934,Jurbarko (Nr.62) apygarda,24,Veliuonos
91,281,Jurbarko (Nr.62) apygarda,5,Stakių
612,1571,Jurbarko (Nr.62) apygarda,65,Skaudvilės
249,892,Jurbarko (Nr.62) apygarda,30,Adakavo
266,928,Jurbarko (Nr.62) apygarda,17,Raudonės
206,640,Jurbarko (Nr.62) apygarda,11,Pilies
158,420,Jurbarko (Nr.62) apygarda,6,Trepų
160,599,Jurbarko (Nr.62) apygarda,21,Vaidilų
344,1131,Jurbarko (Nr.62) apygarda,14,Skirsnemunės
832,2643,Jurbarko (Nr.62) apygarda,73,DariausirGirėno
721,2552,Jurbarko (Nr.62) apygarda,43,Vydūno
637,2011,Jurbarko (Nr.62) apygarda,66,VytautoDidžiojo
708,2451,Jurbarko (Nr.62) apygarda,40,Naujamiesčio
559,1619,Ukmergės (Nr.61) apygarda,30,SDaukanto
527,1254,Ukmergės (Nr.61) apygarda,34,Anykščių
607,1804,Ukmergės (Nr.61) apygarda,52,Maironio
322,924,Ukmergės (Nr.61) apygarda,18,JBasanavičiaus
330,995,Ukmergės (Nr.61) apygarda,22,Vytauto
268,971,Ukmergės (Nr.61) apygarda,26,Kęstučio
365,991,Ukmergės (Nr.61) apygarda,23,Klaipėdos
257,919,Ukmergės (Nr.61) apygarda,12,Transporto
380,1247,Ukmergės (Nr.61) apygarda,24,Kauno
416,1529,Ukmergės (Nr.61) apygarda,25,Smėlių
681,2312,Ukmergės (Nr.61) apygarda,47,Krekšlių
918,3030,Ukmergės (Nr.61) apygarda,50,Linų
659,2132,Ukmergės (Nr.61) apygarda,35,Pivonijos
321,891,Ukmergės (Nr.61) apygarda,24,Pašilės
343,1318,Ukmergės (Nr.61) apygarda,21,Siesikų
333,1057,Ukmergės (Nr.61) apygarda,19,Taujėnų
158,349,Ukmergės (Nr.61) apygarda,10,Balelių
406,1489,Ukmergės (Nr.61) apygarda,23,Vidiškių
234,929,Ukmergės (Nr.61) apygarda,11,Rečionių
429,1607,Ukmergės (Nr.61) apygarda,21,Deltuvos
196,701,Ukmergės (Nr.61) apygarda,6,Dainavos
264,888,Ukmergės (Nr.61) apygarda,10,Lyduokių
148,480,Ukmergės (Nr.61) apygarda,12,Pabaisko
128,348,Ukmergės (Nr.61) apygarda,5,Kulniškių
128,371,Ukmergės (Nr.61) apygarda,11,Šešuolių
155,420,Ukmergės (Nr.61) apygarda,7,Liaušių
106,396,Ukmergės (Nr.61) apygarda,8,Antakalnio
141,336,Ukmergės (Nr.61) apygarda,6,Krikštėnų
174,598,Ukmergės (Nr.61) apygarda,11,Laičių
349,1068,Ukmergės (Nr.61) apygarda,16,Veprių
303,1053,Ukmergės (Nr.61) apygarda,20,Želvos
238,707,Ukmergės (Nr.61) apygarda,6,Žemaitkiemio
971,2618,Jonavos (Nr.60) apygarda,24,Rimkų
1087,3585,Jonavos (Nr.60) apygarda,27,Juodmenos
851,2573,Jonavos (Nr.60) apygarda,22,Kregždutės
921,2114,Jonavos (Nr.60) apygarda,32,Bibliotekos
767,2257,Jonavos (Nr.60) apygarda,26,Senamiesčio
599,1606,Jonavos (Nr.60) apygarda,19,Saulutės
647,1733,Jonavos (Nr.60) apygarda,16,Mokyklos
718,1807,Jonavos (Nr.60) apygarda,16,Ateities
368,1023,Jonavos (Nr.60) apygarda,12,Kalnų
865,2036,Jonavos (Nr.60) apygarda,23,Lakštingalų
977,2464,Jonavos (Nr.60) apygarda,29,Lietavos
395,1157,Jonavos (Nr.60) apygarda,7,Baldininkų
447,1472,Jonavos (Nr.60) apygarda,19,Ruklos
192,692,Jonavos (Nr.60) apygarda,4,Bukonių
171,645,Jonavos (Nr.60) apygarda,6,Liepių
155,552,Jonavos (Nr.60) apygarda,6,Batėgalos
252,778,Jonavos (Nr.60) apygarda,6,Čičinų
251,573,Jonavos (Nr.60) apygarda,2,Kulvos
126,408,Jonavos (Nr.60) apygarda,1,Juškonių
87,475,Jonavos (Nr.60) apygarda,3,Kuigalių
329,951,Jonavos (Nr.60) apygarda,10,Žeimių
224,516,Jonavos (Nr.60) apygarda,3,Panoterių
294,1042,Jonavos (Nr.60) apygarda,13,Šilų
433,1206,Jonavos (Nr.60) apygarda,22,Upninkų
671,1968,Jonavos (Nr.60) apygarda,29,Užusalių
566,1806,Jonavos (Nr.60) apygarda,10,Šveicarijos
791,2349,Kaišiadorių - Elektrėnų (Nr.59) apygarda,63,Draugystės
314,1089,Kaišiadorių - Elektrėnų (Nr.59) apygarda,22,Vytauto
606,1543,Kaišiadorių - Elektrėnų (Nr.59) apygarda,27,Gedimino
1176,4083,Kaišiadorių - Elektrėnų (Nr.59) apygarda,110,Saulės
797,2209,Kaišiadorių - Elektrėnų (Nr.59) apygarda,66,Sodų
832,2696,Kaišiadorių - Elektrėnų (Nr.59) apygarda,54,Girelės
780,2191,Kaišiadorių - Elektrėnų (Nr.59) apygarda,40,Lomenos
675,2504,Kaišiadorių - Elektrėnų (Nr.59) apygarda,39,Versmės
311,1132,Kaišiadorių - Elektrėnų (Nr.59) apygarda,15,Kruonio
175,552,Kaišiadorių - Elektrėnų (Nr.59) apygarda,6,Kalvių
138,483,Kaišiadorių - Elektrėnų (Nr.59) apygarda,14,Vilūnų
149,463,Kaišiadorių - Elektrėnų (Nr.59) apygarda,10,Darsūniškio
208,438,Kaišiadorių - Elektrėnų (Nr.59) apygarda,2,Ringailių
237,821,Kaišiadorių - Elektrėnų (Nr.59) apygarda,12,Stoniavos
142,410,Kaišiadorių - Elektrėnų (Nr.59) apygarda,11,Gilučių
175,537,Kaišiadorių - Elektrėnų (Nr.59) apygarda,6,Dainių
301,950,Kaišiadorių - Elektrėnų (Nr.59) apygarda,11,Stasiūnų
92,294,Kaišiadorių - Elektrėnų (Nr.59) apygarda,3,Jagėlonių
201,880,Kaišiadorių - Elektrėnų (Nr.59) apygarda,13,Kietaviškių
302,1021,Kaišiadorių - Elektrėnų (Nr.59) apygarda,9,Melioratorių
531,1721,Kaišiadorių - Elektrėnų (Nr.59) apygarda,33,Žiežmarių
583,1956,Kaišiadorių - Elektrėnų (Nr.59) apygarda,28,Gudienos
229,806,Kaišiadorių - Elektrėnų (Nr.59) apygarda,14,Žaslių
166,494,Kaišiadorių - Elektrėnų (Nr.59) apygarda,7,Pajautiškių
172,632,Kaišiadorių - Elektrėnų (Nr.59) apygarda,8,Stabintiškių
43,154,Kaišiadorių - Elektrėnų (Nr.59) apygarda,2,Beištrakių
126,531,Kaišiadorių - Elektrėnų (Nr.59) apygarda,2,Tauckūnų
232,743,Kaišiadorių - Elektrėnų (Nr.59) apygarda,18,Palomenės
115,394,Kaišiadorių - Elektrėnų (Nr.59) apygarda,5,Zūbiškių
184,666,Kaišiadorių - Elektrėnų (Nr.59) apygarda,4,Paparčių
591,1958,Kaišiadorių - Elektrėnų (Nr.59) apygarda,65,Rumšiškių
623,2203,Kaišiadorių - Elektrėnų (Nr.59) apygarda,33,Pravieniškių
246,806,Kaišiadorių - Elektrėnų (Nr.59) apygarda,19,Dovainonių
202,650,Kaišiadorių - Elektrėnų (Nr.59) apygarda,7,Antakalnio
172,492,Kaišiadorių - Elektrėnų (Nr.59) apygarda,15,MūroStrėvininkų
125,353,Kaišiadorių - Elektrėnų (Nr.59) apygarda,6,Liutonių
936,2054,Trakų - Elektrėnų (Nr.58) apygarda,35,Trakųm
264,1064,Trakų - Elektrėnų (Nr.58) apygarda,14,Ausieniškių
366,1335,Trakų - Elektrėnų (Nr.58) apygarda,10,Balceriškių
125,289,Trakų - Elektrėnų (Nr.58) apygarda,5,Beižionių
84,311,Trakų - Elektrėnų (Nr.58) apygarda,5,Daugirdiškių
142,427,Trakų - Elektrėnų (Nr.58) apygarda,7,Kazokiškių
159,624,Trakų - Elektrėnų (Nr.58) apygarda,16,Pastrėvio
80,266,Trakų - Elektrėnų (Nr.58) apygarda,0,Ismonių
243,705,Trakų - Elektrėnų (Nr.58) apygarda,8,Semeliškių
192,380,Trakų - Elektrėnų (Nr.58) apygarda,2,Tiltų
810,2213,Trakų - Elektrėnų (Nr.58) apygarda,23,Rūdiškių
1361,3984,Trakų - Elektrėnų (Nr.58) apygarda,57,Vievio
122,444,Trakų - Elektrėnų (Nr.58) apygarda,5,Šklėrių
521,1112,Trakų - Elektrėnų (Nr.58) apygarda,16,Aukštadvario
187,458,Trakų - Elektrėnų (Nr.58) apygarda,7,Čižiūnų
96,185,Trakų - Elektrėnų (Nr.58) apygarda,1,Karapolio
257,572,Trakų - Elektrėnų (Nr.58) apygarda,8,Grendavės
206,1066,Trakų - Elektrėnų (Nr.58) apygarda,10,Rykantų
195,383,Trakų - Elektrėnų (Nr.58) apygarda,5,Dusmenų
431,980,Trakų - Elektrėnų (Nr.58) apygarda,16,Onuškio
138,370,Trakų - Elektrėnų (Nr.58) apygarda,2,Vaickūniškių
840,3193,Trakų - Elektrėnų (Nr.58) apygarda,44,KaunoVokės
340,995,Trakų - Elektrėnų (Nr.58) apygarda,13,Paluknio
924,2796,Trakų - Elektrėnų (Nr.58) apygarda,38,Kunigiškių
159,386,Trakų - Elektrėnų (Nr.58) apygarda,2,Bijūnų
889,3084,Trakų - Elektrėnų (Nr.58) apygarda,20,Šviesos
579,1656,Trakų - Elektrėnų (Nr.58) apygarda,25,SenųjųTrakų
241,748,Trakų - Elektrėnų (Nr.58) apygarda,4,Bražuolės
271,827,Trakų - Elektrėnų (Nr.58) apygarda,5,Žaizdrių
142,329,Trakų - Elektrėnų (Nr.58) apygarda,10,Jovariškių
169,386,Trakų - Elektrėnų (Nr.58) apygarda,5,Salkininkų
1171,2453,Trakų - Elektrėnų (Nr.58) apygarda,64,Birutės
85,312,Trakų - Elektrėnų (Nr.58) apygarda,1,Bagdononių
768,2956,Vilniaus - Trakų (Nr.57) apygarda,59,Lentvario
671,3055,Vilniaus - Trakų (Nr.57) apygarda,76,Klevų
409,1386,Vilniaus - Trakų (Nr.57) apygarda,22,BaltosiosVokės
1080,3316,Vilniaus - Trakų (Nr.57) apygarda,105,Pagirių
364,1089,Vilniaus - Trakų (Nr.57) apygarda,5,KeturiasdešimtiesTotorių
604,1313,Vilniaus - Trakų (Nr.57) apygarda,11,Grigaičių
545,1171,Vilniaus - Trakų (Nr.57) apygarda,9,Kyviškių
480,1110,Vilniaus - Trakų (Nr.57) apygarda,20,Marijampolio
367,872,Vilniaus - Trakų (Nr.57) apygarda,7,Parudaminio
1021,3363,Vilniaus - Trakų (Nr.57) apygarda,51,Nemėžio
952,3923,Vilniaus - Trakų (Nr.57) apygarda,71,Skaidiškių
136,282,Vilniaus - Trakų (Nr.57) apygarda,9,SenojoTarpupio
166,349,Vilniaus - Trakų (Nr.57) apygarda,9,Šventininkų
1458,3829,Vilniaus - Trakų (Nr.57) apygarda,74,Rudaminos
342,936,Vilniaus - Trakų (Nr.57) apygarda,18,Kalviškių
622,1945,Vilniaus - Trakų (Nr.57) apygarda,22,Valčiūnų
636,2256,Vilniaus - Trakų (Nr.57) apygarda,53,Lauko
445,1558,Vilniaus - Trakų (Nr.57) apygarda,62,Kilimų
259,386,Vilniaus - Trakų (Nr.57) apygarda,5,MažųjųLygainių
934,2062,Vilniaus - Trakų (Nr.57) apygarda,52,Juodšilių
844,3378,Vilniaus - Trakų (Nr.57) apygarda,129,Melioratorių
528,2361,Vilniaus - Trakų (Nr.57) apygarda,52,Salininkų
762,2722,Širvintų - Vilniaus (Nr.55) apygarda,106,Širvintųm
861,2203,Širvintų - Vilniaus (Nr.55) apygarda,91,Avižienių
593,1733,Širvintų - Vilniaus (Nr.55) apygarda,122,Riešės
1167,3269,Širvintų - Vilniaus (Nr.55) apygarda,170,IŠeiniaus
137,407,Širvintų - Vilniaus (Nr.55) apygarda,17,Juodiškių
637,956,Širvintų - Vilniaus (Nr.55) apygarda,13,Buivydžių
148,407,Širvintų - Vilniaus (Nr.55) apygarda,3,Alionių
1381,3846,Širvintų - Vilniaus (Nr.55) apygarda,222,Buivydiškių
268,701,Širvintų - Vilniaus (Nr.55) apygarda,10,Platiniškių
151,471,Širvintų - Vilniaus (Nr.55) apygarda,23,Čiobiškio
403,897,Širvintų - Vilniaus (Nr.55) apygarda,17,Čekoniškių
97,283,Širvintų - Vilniaus (Nr.55) apygarda,8,Virvyčių
118,427,Širvintų - Vilniaus (Nr.55) apygarda,18,Bagaslaviškio
150,509,Širvintų - Vilniaus (Nr.55) apygarda,33,Gelvonų
116,353,Širvintų - Vilniaus (Nr.55) apygarda,12,Liukonių
142,465,Širvintų - Vilniaus (Nr.55) apygarda,7,Bartkuškio
189,438,Širvintų - Vilniaus (Nr.55) apygarda,15,Šiaulių
272,667,Širvintų - Vilniaus (Nr.55) apygarda,11,Medžiukų
486,795,Širvintų - Vilniaus (Nr.55) apygarda,19,Dūkštų
106,410,Širvintų - Vilniaus (Nr.55) apygarda,25,Kernavės
425,634,Širvintų - Vilniaus (Nr.55) apygarda,11,Geisiškių
227,683,Širvintų - Vilniaus (Nr.55) apygarda,29,Musninkų
97,329,Širvintų - Vilniaus (Nr.55) apygarda,5,Vileikiškių
68,261,Širvintų - Vilniaus (Nr.55) apygarda,9,Alekniškio
94,487,Širvintų - Vilniaus (Nr.55) apygarda,13,Družų
92,271,Širvintų - Vilniaus (Nr.55) apygarda,8,Motiejūnų
214,741,Širvintų - Vilniaus (Nr.55) apygarda,21,Širvintųkaimiškoji
135,375,Širvintų - Vilniaus (Nr.55) apygarda,14,Anciūnų
885,1650,Širvintų - Vilniaus (Nr.55) apygarda,29,Maišiagalos
419,841,Širvintų - Vilniaus (Nr.55) apygarda,21,Karvio
71,223,Širvintų - Vilniaus (Nr.55) apygarda,4,Kiauklių
140,504,Širvintų - Vilniaus (Nr.55) apygarda,21,Šešuolėlių
43,149,Širvintų - Vilniaus (Nr.55) apygarda,1,Viesų
105,365,Širvintų - Vilniaus (Nr.55) apygarda,16,Kielių
269,814,Širvintų - Vilniaus (Nr.55) apygarda,5,Rudausių
305,703,Širvintų - Vilniaus (Nr.55) apygarda,3,Eitminiškių
721,1861,Širvintų - Vilniaus (Nr.55) apygarda,15,Paberžės
296,709,Širvintų - Vilniaus (Nr.55) apygarda,8,Glitiškių
265,645,Širvintų - Vilniaus (Nr.55) apygarda,6,Visalaukės
1121,2792,Širvintų - Vilniaus (Nr.55) apygarda,184,DidžiosiosRiešės
633,1572,Širvintų - Vilniaus (Nr.55) apygarda,48,Pikeliškių
904,1917,Širvintų - Vilniaus (Nr.55) apygarda,64,Sudervės
294,584,Širvintų - Vilniaus (Nr.55) apygarda,7,Veriškių
592,1565,Širvintų - Vilniaus (Nr.55) apygarda,102,Bukiškio
290,913,Širvintų - Vilniaus (Nr.55) apygarda,29,Kreivalaužių
397,873,Molėtų - Švenčionių (Nr.54) apygarda,12,Alantos
772,2337,Molėtų - Švenčionių (Nr.54) apygarda,25,Švenčionėlių
176,487,Molėtų - Švenčionių (Nr.54) apygarda,2,Žalvarių
898,2451,Molėtų - Švenčionių (Nr.54) apygarda,53,Ateities
226,405,Molėtų - Švenčionių (Nr.54) apygarda,6,Balninkų
257,446,Molėtų - Švenčionių (Nr.54) apygarda,13,Kaltanėnų
171,302,Molėtų - Švenčionių (Nr.54) apygarda,8,Labanoro
122,426,Molėtų - Švenčionių (Nr.54) apygarda,5,Bekupės
165,357,Molėtų - Švenčionių (Nr.54) apygarda,4,Bijutiškio
346,881,Molėtų - Švenčionių (Nr.54) apygarda,17,Čiulėnų
113,273,Molėtų - Švenčionių (Nr.54) apygarda,3,Dapkūniškių
231,499,Molėtų - Švenčionių (Nr.54) apygarda,4,Dubingių
326,950,Molėtų - Švenčionių (Nr.54) apygarda,11,Giedraičių
91,243,Molėtų - Švenčionių (Nr.54) apygarda,1,Girsteitiškio
309,839,Molėtų - Švenčionių (Nr.54) apygarda,9,Inturkės
314,1188,Molėtų - Švenčionių (Nr.54) apygarda,11,Joniškio
121,364,Molėtų - Švenčionių (Nr.54) apygarda,2,Miežonių
230,438,Molėtų - Švenčionių (Nr.54) apygarda,3,Levaniškių
474,1432,Molėtų - Švenčionių (Nr.54) apygarda,8,Luokesos
209,485,Molėtų - Švenčionių (Nr.54) apygarda,3,Mindūnų
451,1783,Molėtų - Švenčionių (Nr.54) apygarda,14,Pabradės
1108,2582,Molėtų - Švenčionių (Nr.54) apygarda,30,Siesarties
1218,2817,Molėtų - Švenčionių (Nr.54) apygarda,47,Liepų
888,2881,Molėtų - Švenčionių (Nr.54) apygarda,28,Kranto
288,773,Molėtų - Švenčionių (Nr.54) apygarda,6,Naujasodžio
177,408,Molėtų - Švenčionių (Nr.54) apygarda,2,Skudutiškio
240,538,Molėtų - Švenčionių (Nr.54) apygarda,3,Suginčių
263,661,Molėtų - Švenčionių (Nr.54) apygarda,4,Videniškių
153,369,Molėtų - Švenčionių (Nr.54) apygarda,6,Magūnų
132,327,Molėtų - Švenčionių (Nr.54) apygarda,0,Vorėnų
142,343,Molėtų - Švenčionių (Nr.54) apygarda,2,Prienų
152,392,Molėtų - Švenčionių (Nr.54) apygarda,1,Verbiškių
156,541,Molėtų - Švenčionių (Nr.54) apygarda,5,Karkažiškės
98,238,Molėtų - Švenčionių (Nr.54) apygarda,1,Padubingės
245,671,Molėtų - Švenčionių (Nr.54) apygarda,9,Sužionių
187,477,Molėtų - Švenčionių (Nr.54) apygarda,4,Skirlėnų
134,238,Ignalinos - Švenčionių (Nr.53) apygarda,16,Antalksnės
116,254,Ignalinos - Švenčionių (Nr.53) apygarda,4,Bernotų
169,330,Ignalinos - Švenčionių (Nr.53) apygarda,0,Ceikinių
408,1104,Ignalinos - Švenčionių (Nr.53) apygarda,13,Didžiasalio
182,382,Ignalinos - Švenčionių (Nr.53) apygarda,4,Dysnos
195,609,Ignalinos - Švenčionių (Nr.53) apygarda,11,Pašaminės
409,1152,Ignalinos - Švenčionių (Nr.53) apygarda,21,Dūkšto
108,199,Ignalinos - Švenčionių (Nr.53) apygarda,4,Gilūtų
134,270,Ignalinos - Švenčionių (Nr.53) apygarda,12,Reškutėnų
240,619,Ignalinos - Švenčionių (Nr.53) apygarda,16,Trūdų
63,149,Ignalinos - Švenčionių (Nr.53) apygarda,2,Grybėnų
217,625,Ignalinos - Švenčionių (Nr.53) apygarda,11,Zadvarninkų
1368,3653,Ignalinos - Švenčionių (Nr.53) apygarda,65,IgnalinosCentro
137,349,Ignalinos - Švenčionių (Nr.53) apygarda,4,Milkuškų
518,1282,Ignalinos - Švenčionių (Nr.53) apygarda,16,Ignalinos
128,261,Ignalinos - Švenčionių (Nr.53) apygarda,7,Stanislavavo
183,423,Ignalinos - Švenčionių (Nr.53) apygarda,6,Kaniūkų
186,474,Ignalinos - Švenčionių (Nr.53) apygarda,5,Šventos
201,563,Ignalinos - Švenčionių (Nr.53) apygarda,4,Kazitiškio
314,771,Ignalinos - Švenčionių (Nr.53) apygarda,12,Kazokinės
105,321,Ignalinos - Švenčionių (Nr.53) apygarda,5,Bačkininkų
287,635,Ignalinos - Švenčionių (Nr.53) apygarda,21,Linkmenų
209,502,Ignalinos - Švenčionių (Nr.53) apygarda,9,Svirkų
139,243,Ignalinos - Švenčionių (Nr.53) apygarda,4,Mažėnų
371,717,Ignalinos - Švenčionių (Nr.53) apygarda,18,Adutiškio
174,337,Ignalinos - Švenčionių (Nr.53) apygarda,5,Meikštų
126,252,Ignalinos - Švenčionių (Nr.53) apygarda,4,Jakelių
171,392,Ignalinos - Švenčionių (Nr.53) apygarda,5,Mielagėnų
192,479,Ignalinos - Švenčionių (Nr.53) apygarda,9,NDaugėliškio
856,2091,Ignalinos - Švenčionių (Nr.53) apygarda,55,Švenčionių
198,625,Ignalinos - Švenčionių (Nr.53) apygarda,10,Rimšės
728,2218,Ignalinos - Švenčionių (Nr.53) apygarda,35,Liepų
78,164,Ignalinos - Švenčionių (Nr.53) apygarda,2,Rubelninkų
244,794,Ignalinos - Švenčionių (Nr.53) apygarda,7,Cirkliškio
312,704,Ignalinos - Švenčionių (Nr.53) apygarda,11,Strigališkio
163,361,Ignalinos - Švenčionių (Nr.53) apygarda,2,Šiūlėnų
85,213,Ignalinos - Švenčionių (Nr.53) apygarda,6,Švedriškės
136,288,Ignalinos - Švenčionių (Nr.53) apygarda,3,Taujūnų
216,563,Ignalinos - Švenčionių (Nr.53) apygarda,13,Tverečiaus
215,753,Ignalinos - Švenčionių (Nr.53) apygarda,6,Pavoverės
181,419,Ignalinos - Švenčionių (Nr.53) apygarda,3,Sarių
347,1063,Ignalinos - Švenčionių (Nr.53) apygarda,11,Vidiškių
201,492,Ignalinos - Švenčionių (Nr.53) apygarda,6,Strūnaičio
186,620,Ignalinos - Švenčionių (Nr.53) apygarda,6,Vidutinės
822,2112,Utenos (Nr.51) apygarda,26,Aukštakalnio
1042,2605,Utenos (Nr.51) apygarda,26,Taikos
1054,2385,Utenos (Nr.51) apygarda,27,Aušros
888,2114,Utenos (Nr.51) apygarda,23,Dauniškio
999,2586,Utenos (Nr.51) apygarda,30,Vyturių
643,1768,Utenos (Nr.51) apygarda,25,Centro
1058,2576,Utenos (Nr.51) apygarda,15,Basanavičiaus
1020,2340,Utenos (Nr.51) apygarda,24,Ąžuolijos
1002,2488,Utenos (Nr.51) apygarda,40,Krašuonos
206,554,Utenos (Nr.51) apygarda,9,Daugailių
165,479,Utenos (Nr.51) apygarda,3,Radeikių
76,191,Utenos (Nr.51) apygarda,5,Juknėnų
215,671,Utenos (Nr.51) apygarda,6,Kuktiškių
295,637,Utenos (Nr.51) apygarda,7,Leliūnų
334,924,Utenos (Nr.51) apygarda,5,Antalgės
323,1000,Utenos (Nr.51) apygarda,2,Pakalnių
212,541,Utenos (Nr.51) apygarda,0,Saldutiškio
135,312,Utenos (Nr.51) apygarda,1,Kirdeikių
242,657,Utenos (Nr.51) apygarda,6,Sudeikių
185,466,Utenos (Nr.51) apygarda,7,Sirutėnų
522,1226,Utenos (Nr.51) apygarda,14,Tauragnų
305,824,Utenos (Nr.51) apygarda,7,Pačkėnų
255,755,Utenos (Nr.51) apygarda,9,Biliakiemio
198,514,Utenos (Nr.51) apygarda,4,Vaikutėnų
474,1047,Utenos (Nr.51) apygarda,4,Užpalių
162,354,Utenos (Nr.51) apygarda,4,Kaniukų
94,226,Utenos (Nr.51) apygarda,0,Vilučių
464,1073,Utenos (Nr.51) apygarda,16,Vyžuonų
867,2324,Utenos (Nr.51) apygarda,30,Naujasodžio
581,1946,Utenos (Nr.51) apygarda,31,Smėlio
958,2482,Rokiškio (Nr.50) apygarda,45,JTumo-Vaižganto
1025,2573,Rokiškio (Nr.50) apygarda,61,Senamiesčio
749,1776,Rokiškio (Nr.50) apygarda,31,Mikrorajono
1060,2747,Rokiškio (Nr.50) apygarda,56,JTūbelio
960,2484,Rokiškio (Nr.50) apygarda,41,Respublikos
382,904,Rokiškio (Nr.50) apygarda,10,Bajorų
74,223,Rokiškio (Nr.50) apygarda,2,Čedasų
538,1501,Rokiškio (Nr.50) apygarda,27,Kavoliškio
267,641,Rokiškio (Nr.50) apygarda,6,Skemų
200,500,Rokiškio (Nr.50) apygarda,7,Žiobiškio
181,439,Rokiškio (Nr.50) apygarda,11,Kazliškio
89,200,Rokiškio (Nr.50) apygarda,10,Konstantinavos
416,914,Rokiškio (Nr.50) apygarda,18,Obelių
513,1543,Rokiškio (Nr.50) apygarda,35,Pandėlio
671,1587,Rokiškio (Nr.50) apygarda,26,Juodupės
385,1129,Rokiškio (Nr.50) apygarda,12,Juodupėskaimiškoji
113,283,Rokiškio (Nr.50) apygarda,2,Lukštų
313,847,Rokiškio (Nr.50) apygarda,5,Jūžintų
261,703,Rokiškio (Nr.50) apygarda,9,Laibgalių
134,294,Rokiškio (Nr.50) apygarda,4,Sėlynės
238,607,Rokiškio (Nr.50) apygarda,9,Kamajų
122,315,Rokiškio (Nr.50) apygarda,2,Aukštakalnių
97,232,Rokiškio (Nr.50) apygarda,5,Duokiškio
177,377,Rokiškio (Nr.50) apygarda,4,Kalvių
199,406,Rokiškio (Nr.50) apygarda,11,Salų
194,496,Rokiškio (Nr.50) apygarda,6,Kriaunų
145,315,Rokiškio (Nr.50) apygarda,2,Lašų
162,271,Rokiškio (Nr.50) apygarda,8,Kairelių
119,235,Rokiškio (Nr.50) apygarda,3,Pakriaunių
68,188,Rokiškio (Nr.50) apygarda,2,Aleksandravėlės
94,227,Rokiškio (Nr.50) apygarda,2,Zarinkiškių
137,363,Rokiškio (Nr.50) apygarda,6,Antanašės
201,544,Rokiškio (Nr.50) apygarda,9,Obelių
88,225,Rokiškio (Nr.50) apygarda,2,Suvainiškio
99,281,Rokiškio (Nr.50) apygarda,4,Sriubiškių
90,284,Rokiškio (Nr.50) apygarda,7,Lailūnų
142,324,Rokiškio (Nr.50) apygarda,2,Panemunio
298,848,Rokiškio (Nr.50) apygarda,17,Stoties
149,368,Rokiškio (Nr.50) apygarda,7,Panemunėlio
197,492,Anykščių - Kupiškio (Nr.49) apygarda,9,Adomynės
1284,3115,Anykščių - Kupiškio (Nr.49) apygarda,70,Senamiesčio
759,1647,Anykščių - Kupiškio (Nr.49) apygarda,52,Janydžių
821,1872,Anykščių - Kupiškio (Nr.49) apygarda,51,Ažupiečių
1050,2717,Anykščių - Kupiškio (Nr.49) apygarda,73,Liudiškių
212,504,Anykščių - Kupiškio (Nr.49) apygarda,7,Piktagalio
86,215,Anykščių - Kupiškio (Nr.49) apygarda,1,Biliūnų
206,563,Anykščių - Kupiškio (Nr.49) apygarda,15,Ažuožerių
94,284,Anykščių - Kupiškio (Nr.49) apygarda,2,Juodpėnų
409,1104,Anykščių - Kupiškio (Nr.49) apygarda,20,Elmos
207,658,Anykščių - Kupiškio (Nr.49) apygarda,5,Burbiškio
119,423,Anykščių - Kupiškio (Nr.49) apygarda,7,Šlavėnų
86,249,Anykščių - Kupiškio (Nr.49) apygarda,4,Laičių
422,1222,Anykščių - Kupiškio (Nr.49) apygarda,18,Debeikių
150,394,Anykščių - Kupiškio (Nr.49) apygarda,7,Leliūnų
135,444,Anykščių - Kupiškio (Nr.49) apygarda,5,Lukonių
85,189,Anykščių - Kupiškio (Nr.49) apygarda,6,Migonių
385,894,Anykščių - Kupiškio (Nr.49) apygarda,24,Kavarsko
84,254,Anykščių - Kupiškio (Nr.49) apygarda,2,Dabužių
113,345,Anykščių - Kupiškio (Nr.49) apygarda,3,Naivių
231,724,Anykščių - Kupiškio (Nr.49) apygarda,6,Janušavos
396,1406,Anykščių - Kupiškio (Nr.49) apygarda,14,Noriūnų
128,431,Anykščių - Kupiškio (Nr.49) apygarda,2,Svirnų
154,369,Anykščių - Kupiškio (Nr.49) apygarda,12,Šerių
116,453,Anykščių - Kupiškio (Nr.49) apygarda,0,Rudilių
59,154,Anykščių - Kupiškio (Nr.49) apygarda,3,Šovenių
203,496,Anykščių - Kupiškio (Nr.49) apygarda,6,Kurklių
252,671,Anykščių - Kupiškio (Nr.49) apygarda,12,Skapiškio
172,471,Anykščių - Kupiškio (Nr.49) apygarda,11,Skverbų
151,355,Anykščių - Kupiškio (Nr.49) apygarda,5,KurkliųIIk
334,883,Anykščių - Kupiškio (Nr.49) apygarda,10,Subačiaus
177,404,Anykščių - Kupiškio (Nr.49) apygarda,2,Staškūniškio
104,325,Anykščių - Kupiškio (Nr.49) apygarda,3,Katlėrių
295,965,Anykščių - Kupiškio (Nr.49) apygarda,7,Šepetos
179,491,Anykščių - Kupiškio (Nr.49) apygarda,12,Skiemonių
248,535,Anykščių - Kupiškio (Nr.49) apygarda,3,Šimonių
133,293,Anykščių - Kupiškio (Nr.49) apygarda,9,Mačionių
108,214,Anykščių - Kupiškio (Nr.49) apygarda,5,Daujočių
89,174,Anykščių - Kupiškio (Nr.49) apygarda,7,Aulelių
534,1337,Anykščių - Kupiškio (Nr.49) apygarda,31,Svėdasų
179,298,Anykščių - Kupiškio (Nr.49) apygarda,3,Vaitkūnų
419,1327,Anykščių - Kupiškio (Nr.49) apygarda,25,Troškūnų
91,190,Anykščių - Kupiškio (Nr.49) apygarda,2,Vašuokėnų
125,354,Anykščių - Kupiškio (Nr.49) apygarda,2,Surdegio
60,187,Anykščių - Kupiškio (Nr.49) apygarda,3,Nausodės
198,397,Anykščių - Kupiškio (Nr.49) apygarda,5,Raguvėlės
115,334,Anykščių - Kupiškio (Nr.49) apygarda,5,Levaniškių
197,373,Anykščių - Kupiškio (Nr.49) apygarda,12,Traupio
196,470,Anykščių - Kupiškio (Nr.49) apygarda,2,Andrioniškio
304,789,Anykščių - Kupiškio (Nr.49) apygarda,5,Viešintų
783,2265,Biržų - Kupiškio (Nr.48) apygarda,42,Atžalyno
232,583,Biržų - Kupiškio (Nr.48) apygarda,16,Alizavos
390,920,Biržų - Kupiškio (Nr.48) apygarda,31,Rotušės
241,580,Biržų - Kupiškio (Nr.48) apygarda,11,Antašavos
1027,2411,Biržų - Kupiškio (Nr.48) apygarda,46,Aušros
249,717,Biržų - Kupiškio (Nr.48) apygarda,8,Aukštupėnų
965,2369,Biržų - Kupiškio (Nr.48) apygarda,27,Saulės
1106,3216,Biržų - Kupiškio (Nr.48) apygarda,47,Kaštonų
126,286,Biržų - Kupiškio (Nr.48) apygarda,9,Anglininkų
931,2957,Biržų - Kupiškio (Nr.48) apygarda,52,Račiupėnų
213,569,Biržų - Kupiškio (Nr.48) apygarda,12,Kratiškių
667,1879,Biržų - Kupiškio (Nr.48) apygarda,41,Kupos
111,381,Biržų - Kupiškio (Nr.48) apygarda,1,Nausėdžių
489,1409,Biržų - Kupiškio (Nr.48) apygarda,45,Senamiesčio
341,830,Biržų - Kupiškio (Nr.48) apygarda,10,Obelaukių
527,1627,Biržų - Kupiškio (Nr.48) apygarda,25,Rinkuškių
142,518,Biržų - Kupiškio (Nr.48) apygarda,1,Germaniškio
225,784,Biržų - Kupiškio (Nr.48) apygarda,3,NemunėlioRadviliškio
92,280,Biržų - Kupiškio (Nr.48) apygarda,4,Pučiakalnės
247,694,Biržų - Kupiškio (Nr.48) apygarda,9,Kirdonių
299,883,Biržų - Kupiškio (Nr.48) apygarda,17,Pabiržės
164,574,Biržų - Kupiškio (Nr.48) apygarda,8,Paketurių
166,449,Biržų - Kupiškio (Nr.48) apygarda,4,Pačeriaukštės
191,604,Biržų - Kupiškio (Nr.48) apygarda,5,Salamiesčio
162,442,Biržų - Kupiškio (Nr.48) apygarda,11,Pasvaliečių
184,397,Biržų - Kupiškio (Nr.48) apygarda,2,Juostaviečių
137,319,Biržų - Kupiškio (Nr.48) apygarda,2,Einorių
112,284,Biržų - Kupiškio (Nr.48) apygarda,3,Kraštų
170,381,Biržų - Kupiškio (Nr.48) apygarda,3,Kupreliškio
127,376,Biržų - Kupiškio (Nr.48) apygarda,6,Kvetkų
183,476,Biržų - Kupiškio (Nr.48) apygarda,6,Papilio
84,275,Biržų - Kupiškio (Nr.48) apygarda,4,Virbališkių
204,650,Biržų - Kupiškio (Nr.48) apygarda,15,Medeikių
126,396,Biržų - Kupiškio (Nr.48) apygarda,3,Žaidelių
246,761,Biržų - Kupiškio (Nr.48) apygarda,5,Parovėjos
134,390,Biržų - Kupiškio (Nr.48) apygarda,4,Užušilių
118,291,Biržų - Kupiškio (Nr.48) apygarda,9,Ančiškių
108,291,Biržų - Kupiškio (Nr.48) apygarda,3,Jasiuliškių
125,365,Biržų - Kupiškio (Nr.48) apygarda,4,Meilūnų
138,363,Biržų - Kupiškio (Nr.48) apygarda,5,Ramongalių
58,269,Biržų - Kupiškio (Nr.48) apygarda,2,Šukionių
434,1019,Biržų - Kupiškio (Nr.48) apygarda,25,Vabalninko
236,598,Pasvalio - Panevėžio (Nr.47) apygarda,17,Geležių
441,1068,Pasvalio - Panevėžio (Nr.47) apygarda,13,Joniškėlio
230,705,Pasvalio - Panevėžio (Nr.47) apygarda,6,Tiltagalių
1080,2627,Pasvalio - Panevėžio (Nr.47) apygarda,35,PVileišio
150,555,Pasvalio - Panevėžio (Nr.47) apygarda,6,Karsakiškio
1010,2515,Pasvalio - Panevėžio (Nr.47) apygarda,26,Kalno
813,2001,Pasvalio - Panevėžio (Nr.47) apygarda,29,Vilniaus
189,553,Pasvalio - Panevėžio (Nr.47) apygarda,13,Paliūniškio
219,609,Pasvalio - Panevėžio (Nr.47) apygarda,7,Daujėnų
505,1633,Pasvalio - Panevėžio (Nr.47) apygarda,17,Piniavos
171,516,Pasvalio - Panevėžio (Nr.47) apygarda,4,Girsūdų
290,1082,Pasvalio - Panevėžio (Nr.47) apygarda,10,Bernatonių
366,1383,Pasvalio - Panevėžio (Nr.47) apygarda,28,Paįstrio
184,481,Pasvalio - Panevėžio (Nr.47) apygarda,5,Švobiškio
170,615,Pasvalio - Panevėžio (Nr.47) apygarda,20,Daukniūnų
65,242,Pasvalio - Panevėžio (Nr.47) apygarda,2,Norgėlų
142,520,Pasvalio - Panevėžio (Nr.47) apygarda,7,Meškalaukio
206,604,Pasvalio - Panevėžio (Nr.47) apygarda,4,Nakiškių
204,516,Pasvalio - Panevėžio (Nr.47) apygarda,7,Narteikių
245,673,Pasvalio - Panevėžio (Nr.47) apygarda,3,Krinčino
98,241,Pasvalio - Panevėžio (Nr.47) apygarda,0,Gulbinėnų
298,848,Pasvalio - Panevėžio (Nr.47) apygarda,8,Pajiešmenių
305,806,Pasvalio - Panevėžio (Nr.47) apygarda,6,Papyvesių
175,514,Pasvalio - Panevėžio (Nr.47) apygarda,6,Talačkonių
288,870,Pasvalio - Panevėžio (Nr.47) apygarda,5,Ustukių
127,396,Pasvalio - Panevėžio (Nr.47) apygarda,4,Valakėlių
338,939,Pasvalio - Panevėžio (Nr.47) apygarda,11,Pumpėnų
214,555,Pasvalio - Panevėžio (Nr.47) apygarda,4,Jurgėnų
193,610,Pasvalio - Panevėžio (Nr.47) apygarda,6,Smilgių
131,319,Pasvalio - Panevėžio (Nr.47) apygarda,1,Sujėtų
153,424,Pasvalio - Panevėžio (Nr.47) apygarda,2,Kriklinių
147,521,Pasvalio - Panevėžio (Nr.47) apygarda,3,Perekšlių
121,344,Pasvalio - Panevėžio (Nr.47) apygarda,3,Rinkūnų
275,825,Pasvalio - Panevėžio (Nr.47) apygarda,13,Pušaloto
193,585,Pasvalio - Panevėžio (Nr.47) apygarda,4,Mikoliškio
108,209,Pasvalio - Panevėžio (Nr.47) apygarda,0,Deglėnų
140,350,Pasvalio - Panevėžio (Nr.47) apygarda,1,Kiemėnų
217,449,Pasvalio - Panevėžio (Nr.47) apygarda,4,Namišių
197,672,Pasvalio - Panevėžio (Nr.47) apygarda,7,Raubonių
346,1068,Pasvalio - Panevėžio (Nr.47) apygarda,9,Saločių
117,200,Pasvalio - Panevėžio (Nr.47) apygarda,3,Žadeikonių
307,862,Pasvalio - Panevėžio (Nr.47) apygarda,16,Paežerio
145,455,Pasvalio - Panevėžio (Nr.47) apygarda,2,Žilpamūšio
142,409,Pasvalio - Panevėžio (Nr.47) apygarda,2,Grūžių
148,393,Pasvalio - Panevėžio (Nr.47) apygarda,2,Nairių
205,621,Pasvalio - Panevėžio (Nr.47) apygarda,3,Tetirvinų
316,879,Pasvalio - Panevėžio (Nr.47) apygarda,14,Vaškų
136,421,Pasvalio - Panevėžio (Nr.47) apygarda,7,Skaistgirių
1136,2916,Pakruojo - Joniškio (Nr.46) apygarda,33,Žemaičių
273,775,Pakruojo - Joniškio (Nr.46) apygarda,12,Balsių
114,485,Pakruojo - Joniškio (Nr.46) apygarda,4,Bardiškių
1312,3042,Pakruojo - Joniškio (Nr.46) apygarda,26,Livonijos
924,2624,Pakruojo - Joniškio (Nr.46) apygarda,23,VKudirkos
75,179,Pakruojo - Joniškio (Nr.46) apygarda,0,Degesių
93,246,Pakruojo - Joniškio (Nr.46) apygarda,6,Degučių
69,195,Pakruojo - Joniškio (Nr.46) apygarda,3,Draudelių
226,752,Pakruojo - Joniškio (Nr.46) apygarda,3,Bariūnų
123,335,Pakruojo - Joniškio (Nr.46) apygarda,2,Dvariškių
60,255,Pakruojo - Joniškio (Nr.46) apygarda,3,Darginių
81,243,Pakruojo - Joniškio (Nr.46) apygarda,1,Gačionių
52,164,Pakruojo - Joniškio (Nr.46) apygarda,2,Gedučių
177,800,Pakruojo - Joniškio (Nr.46) apygarda,6,Guostagalio
122,327,Pakruojo - Joniškio (Nr.46) apygarda,1,Grikpėdžių
150,449,Pakruojo - Joniškio (Nr.46) apygarda,4,Gasčiūnų
314,760,Pakruojo - Joniškio (Nr.46) apygarda,4,Klovainių
93,340,Pakruojo - Joniškio (Nr.46) apygarda,2,Kalpokų
50,183,Pakruojo - Joniškio (Nr.46) apygarda,1,Kauksnųjų
136,417,Pakruojo - Joniškio (Nr.46) apygarda,0,Plikiškių
76,199,Pakruojo - Joniškio (Nr.46) apygarda,2,Laipuškių
152,410,Pakruojo - Joniškio (Nr.46) apygarda,7,Kepalių
117,302,Pakruojo - Joniškio (Nr.46) apygarda,2,Linksmučių
144,365,Pakruojo - Joniškio (Nr.46) apygarda,10,Kirnaičių
641,1640,Pakruojo - Joniškio (Nr.46) apygarda,15,Linkuvos
202,481,Pakruojo - Joniškio (Nr.46) apygarda,4,Kriukų
118,405,Pakruojo - Joniškio (Nr.46) apygarda,4,Linų
228,645,Pakruojo - Joniškio (Nr.46) apygarda,14,Lygumų
250,877,Pakruojo - Joniškio (Nr.46) apygarda,7,Mažeikonių
102,313,Pakruojo - Joniškio (Nr.46) apygarda,3,Mindaugių
99,274,Pakruojo - Joniškio (Nr.46) apygarda,4,Mikniūnų
130,356,Pakruojo - Joniškio (Nr.46) apygarda,0,Satkūnų
86,354,Pakruojo - Joniškio (Nr.46) apygarda,5,Medikonių
72,205,Pakruojo - Joniškio (Nr.46) apygarda,1,Mikoliškio
1139,2857,Pakruojo - Joniškio (Nr.46) apygarda,11,Naujamiesčio
747,1976,Pakruojo - Joniškio (Nr.46) apygarda,8,Pakruojo
81,175,Pakruojo - Joniškio (Nr.46) apygarda,5,Bučiūnų
105,298,Pakruojo - Joniškio (Nr.46) apygarda,2,Pamūšio
85,193,Pakruojo - Joniškio (Nr.46) apygarda,1,Lieporų
157,386,Pakruojo - Joniškio (Nr.46) apygarda,2,Pašvitinio
83,187,Pakruojo - Joniškio (Nr.46) apygarda,0,Peleniškių
55,129,Pakruojo - Joniškio (Nr.46) apygarda,1,Blauzdžiūnų
84,251,Pakruojo - Joniškio (Nr.46) apygarda,4,Preičiūnų
115,308,Pakruojo - Joniškio (Nr.46) apygarda,2,Plaučiškių
64,177,Pakruojo - Joniškio (Nr.46) apygarda,4,Rimkūnų
311,840,Pakruojo - Joniškio (Nr.46) apygarda,12,Rozalimo
62,155,Pakruojo - Joniškio (Nr.46) apygarda,2,Skilvionių
110,305,Pakruojo - Joniškio (Nr.46) apygarda,2,Ziniūnų
100,329,Pakruojo - Joniškio (Nr.46) apygarda,0,Stačiūnų
67,138,Pakruojo - Joniškio (Nr.46) apygarda,2,Sosdvario
116,378,Pakruojo - Joniškio (Nr.46) apygarda,2,Šukionių
121,387,Pakruojo - Joniškio (Nr.46) apygarda,2,Triškonių
138,341,Pakruojo - Joniškio (Nr.46) apygarda,2,Ūdekų
323,989,Pakruojo - Joniškio (Nr.46) apygarda,6,Žeimelio
143,370,Pakruojo - Joniškio (Nr.46) apygarda,3,Žvirblonių
1002,2854,Šiaulių kaimiškoji (Nr.45) apygarda,62,Ginkūnų
391,1280,Šiaulių kaimiškoji (Nr.45) apygarda,20,Bridų
411,1014,Šiaulių kaimiškoji (Nr.45) apygarda,22,Vijolių
94,286,Šiaulių kaimiškoji (Nr.45) apygarda,0,Pakapės
132,439,Šiaulių kaimiškoji (Nr.45) apygarda,7,Einoraičių
331,970,Šiaulių kaimiškoji (Nr.45) apygarda,13,Bubių
144,433,Šiaulių kaimiškoji (Nr.45) apygarda,5,Gilvyčių
231,613,Šiaulių kaimiškoji (Nr.45) apygarda,8,Kurtuvėnų
320,775,Šiaulių kaimiškoji (Nr.45) apygarda,5,Bazilionų
699,1898,Šiaulių kaimiškoji (Nr.45) apygarda,27,Kairių
171,461,Šiaulių kaimiškoji (Nr.45) apygarda,10,Šilėnų
158,475,Šiaulių kaimiškoji (Nr.45) apygarda,5,Žadžiūnų
457,1121,Šiaulių kaimiškoji (Nr.45) apygarda,12,Meškuičių
285,716,Šiaulių kaimiškoji (Nr.45) apygarda,8,Naisių
642,1482,Šiaulių kaimiškoji (Nr.45) apygarda,29,Gruzdžių
146,378,Šiaulių kaimiškoji (Nr.45) apygarda,12,Šiupylių
533,1572,Šiaulių kaimiškoji (Nr.45) apygarda,28,Kužių
104,321,Šiaulių kaimiškoji (Nr.45) apygarda,0,Gilaičių
176,615,Šiaulių kaimiškoji (Nr.45) apygarda,2,Verbūnų
93,280,Šiaulių kaimiškoji (Nr.45) apygarda,2,Smilgių
1010,2271,Šiaulių kaimiškoji (Nr.45) apygarda,25,LIvinskio
524,1138,Šiaulių kaimiškoji (Nr.45) apygarda,10,Centro
1042,2617,Šiaulių kaimiškoji (Nr.45) apygarda,40,Gedimino
610,1578,Šiaulių kaimiškoji (Nr.45) apygarda,28,Pušyno
523,1273,Šiaulių kaimiškoji (Nr.45) apygarda,9,Pavenčių
608,1651,Šiaulių kaimiškoji (Nr.45) apygarda,28,Daugėlių
322,847,Šiaulių kaimiškoji (Nr.45) apygarda,8,Micaičių
100,288,Šiaulių kaimiškoji (Nr.45) apygarda,4,Varputėnų
99,293,Šiaulių kaimiškoji (Nr.45) apygarda,2,Gergždelių
147,393,Šiaulių kaimiškoji (Nr.45) apygarda,6,Pakumulšių
400,1264,Šiaulių kaimiškoji (Nr.45) apygarda,9,Drąsučių
86,229,Šiaulių kaimiškoji (Nr.45) apygarda,3,Romučių
108,319,Šiaulių kaimiškoji (Nr.45) apygarda,3,Sauginių
241,628,Šiaulių kaimiškoji (Nr.45) apygarda,2,Raudėnų
159,501,Šiaulių kaimiškoji (Nr.45) apygarda,2,Dirvonėnų
181,674,Šiaulių kaimiškoji (Nr.45) apygarda,5,Šakynos
172,480,Šiaulių kaimiškoji (Nr.45) apygarda,5,Žarėnų
106,318,Radviliškio (Nr.44) apygarda,2,Acokavų
254,829,Radviliškio (Nr.44) apygarda,4,Alksniupių
260,953,Radviliškio (Nr.44) apygarda,7,Aukštelkų
832,2093,Radviliškio (Nr.44) apygarda,37,Baisogalos
117,448,Radviliškio (Nr.44) apygarda,3,Beinoravos
86,359,Radviliškio (Nr.44) apygarda,2,Butėnų
143,443,Radviliškio (Nr.44) apygarda,8,Daugėlaičių
183,563,Radviliškio (Nr.44) apygarda,7,Gražionių
77,143,Radviliškio (Nr.44) apygarda,0,Gražiškių
276,772,Radviliškio (Nr.44) apygarda,11,Grinkiškio
95,243,Radviliškio (Nr.44) apygarda,3,Kairėnų
183,617,Radviliškio (Nr.44) apygarda,5,Karčemų
184,644,Radviliškio (Nr.44) apygarda,7,Kutiškių
70,236,Radviliškio (Nr.44) apygarda,3,Miežaičių
85,182,Radviliškio (Nr.44) apygarda,4,Minaičių
314,886,Radviliškio (Nr.44) apygarda,7,Pakiršinio
107,452,Radviliškio (Nr.44) apygarda,0,Palonų
89,266,Radviliškio (Nr.44) apygarda,6,Papušynio
136,514,Radviliškio (Nr.44) apygarda,2,Pašušvio
243,668,Radviliškio (Nr.44) apygarda,5,Pavartyčių
141,431,Radviliškio (Nr.44) apygarda,3,Pociūnų
179,595,Radviliškio (Nr.44) apygarda,1,Pociūnėlių
175,394,Radviliškio (Nr.44) apygarda,4,Polekėlės
851,2449,Radviliškio (Nr.44) apygarda,21,Vaižganto
776,2065,Radviliškio (Nr.44) apygarda,22,Lituanikos
957,2168,Radviliškio (Nr.44) apygarda,32,Kudirkos
818,2542,Radviliškio (Nr.44) apygarda,24,Rūmų
896,2461,Radviliškio (Nr.44) apygarda,22,Lizdeikos
245,927,Radviliškio (Nr.44) apygarda,9,Raudondvario
267,819,Radviliškio (Nr.44) apygarda,8,Sidabravo
185,481,Radviliškio (Nr.44) apygarda,3,Skėmių
215,626,Radviliškio (Nr.44) apygarda,7,Šaukoto
413,1117,Radviliškio (Nr.44) apygarda,12,Šeduvos
421,1255,Radviliškio (Nr.44) apygarda,10,Mokyklos
234,736,Radviliškio (Nr.44) apygarda,10,Šiaulėnų
222,669,Radviliškio (Nr.44) apygarda,7,Šniūraičių
132,390,Radviliškio (Nr.44) apygarda,3,Tyrulių
76,255,Radviliškio (Nr.44) apygarda,3,Vadaktų
73,259,Radviliškio (Nr.44) apygarda,1,Vaitiekūnų
165,679,Radviliškio (Nr.44) apygarda,8,Vėriškių
80,297,Radviliškio (Nr.44) apygarda,5,Žeimių
866,2666,Radviliškio (Nr.44) apygarda,14,Eibariškių
1019,2499,Raseinių (Nr.42) apygarda,32,Prabaudos
960,2252,Raseinių (Nr.42) apygarda,26,Stonų
902,1878,Raseinių (Nr.42) apygarda,28,Centro
1126,2822,Raseinių (Nr.42) apygarda,33,Pramonės
235,501,Raseinių (Nr.42) apygarda,4,Kalnujų
112,210,Raseinių (Nr.42) apygarda,1,Pašaltuonio
428,1053,Raseinių (Nr.42) apygarda,7,Sujainių
212,400,Raseinių (Nr.42) apygarda,1,Slabados
669,2110,Raseinių (Nr.42) apygarda,21,Viduklės
146,235,Raseinių (Nr.42) apygarda,3,Paupio
240,657,Raseinių (Nr.42) apygarda,14,Pryšmančių
464,1188,Raseinių (Nr.42) apygarda,17,Nemakščių
175,526,Raseinių (Nr.42) apygarda,10,Kryžkalnio
640,1560,Raseinių (Nr.42) apygarda,22,Ariogalos
143,354,Raseinių (Nr.42) apygarda,3,Šarkių
290,502,Raseinių (Nr.42) apygarda,7,Gėluvos
121,265,Raseinių (Nr.42) apygarda,2,Dainavos
228,526,Raseinių (Nr.42) apygarda,10,Butkiškės
240,467,Raseinių (Nr.42) apygarda,4,Verėduvos
188,350,Raseinių (Nr.42) apygarda,1,Milašaičių
149,389,Raseinių (Nr.42) apygarda,4,Paliepių
232,530,Raseinių (Nr.42) apygarda,1,Pramedžiavos
446,962,Raseinių (Nr.42) apygarda,7,Girkalnio
111,289,Raseinių (Nr.42) apygarda,0,Požėčių
84,164,Raseinių (Nr.42) apygarda,3,Grajauskų
256,520,Raseinių (Nr.42) apygarda,11,Betygalos
174,408,Raseinių (Nr.42) apygarda,6,Berteškių
255,457,Raseinių (Nr.42) apygarda,5,Ilgižių
103,155,Raseinių (Nr.42) apygarda,1,Agelaičių
230,546,Raseinių (Nr.42) apygarda,5,Kaulakių
174,349,Raseinių (Nr.42) apygarda,5,Skirmantiškės
167,351,Raseinių (Nr.42) apygarda,3,Vosiliškio
322,734,Raseinių (Nr.42) apygarda,8,Šiluvos
136,266,Raseinių (Nr.42) apygarda,9,Lyduvėnų
225,529,Raseinių (Nr.42) apygarda,9,Katauskių
239,586,Raseinių (Nr.42) apygarda,7,Žaiginio
229,373,Raseinių (Nr.42) apygarda,1,Ramonų
246,509,Raseinių (Nr.42) apygarda,4,Gruzdiškės
299,599,Raseinių (Nr.42) apygarda,11,Norgėlų
95,178,Raseinių (Nr.42) apygarda,3,Lenkelių
183,384,Raseinių (Nr.42) apygarda,10,Gabšių
85,135,Raseinių (Nr.42) apygarda,0,Bebirvos
126,202,Raseinių (Nr.42) apygarda,4,Alėjų
97,164,Raseinių (Nr.42) apygarda,3,Gervinės
604,1381,Raseinių (Nr.42) apygarda,28,Melioratorių
185,314,Raseinių (Nr.42) apygarda,5,Didžiulių
135,373,Kelmės (Nr.41) apygarda,2,Budraičių
96,265,Kelmės (Nr.41) apygarda,1,Butkiškės
161,376,Kelmės (Nr.41) apygarda,3,Dubėnų
102,377,Kelmės (Nr.41) apygarda,1,Gailių
171,679,Kelmės (Nr.41) apygarda,4,Janaučių
178,578,Kelmės (Nr.41) apygarda,3,Junkilų
141,511,Kelmės (Nr.41) apygarda,3,Karklėnų
1127,3056,Kelmės (Nr.41) apygarda,27,Centro
1020,3261,Kelmės (Nr.41) apygarda,29,AMackevičiaus
772,2191,Kelmės (Nr.41) apygarda,18,Kalno
92,282,Kelmės (Nr.41) apygarda,2,Kiaunorių
125,437,Kelmės (Nr.41) apygarda,3,Kolainių
363,926,Kelmės (Nr.41) apygarda,5,Kražių
301,889,Kelmės (Nr.41) apygarda,6,Kukečių
120,274,Kelmės (Nr.41) apygarda,0,Laugalio
305,830,Kelmės (Nr.41) apygarda,10,Liolių
225,608,Kelmės (Nr.41) apygarda,10,Lupikų
159,561,Kelmės (Nr.41) apygarda,5,Maironių
111,306,Kelmės (Nr.41) apygarda,3,Minupių
153,379,Kelmės (Nr.41) apygarda,2,Mockaičių
253,853,Kelmės (Nr.41) apygarda,5,Pagryžuvio
110,335,Kelmės (Nr.41) apygarda,2,Pakėvio
217,728,Kelmės (Nr.41) apygarda,1,Pakražančio
82,188,Kelmės (Nr.41) apygarda,5,Pašiaušės
138,413,Kelmės (Nr.41) apygarda,3,Pašilėnų
91,311,Kelmės (Nr.41) apygarda,3,Pašilės
215,567,Kelmės (Nr.41) apygarda,5,Pavandenės
89,265,Kelmės (Nr.41) apygarda,4,Pavėžupio
201,445,Kelmės (Nr.41) apygarda,3,Petrališkės
123,370,Kelmės (Nr.41) apygarda,1,Stulgių
143,375,Kelmės (Nr.41) apygarda,3,Šaltenių
249,1011,Kelmės (Nr.41) apygarda,6,Šaukėnų
120,378,Kelmės (Nr.41) apygarda,4,Šedbarų
314,1000,Kelmės (Nr.41) apygarda,8,Durpyno
502,1369,Kelmės (Nr.41) apygarda,16,Tytuvėnų
450,1154,Kelmės (Nr.41) apygarda,11,Užvenčio
236,498,Kelmės (Nr.41) apygarda,2,Vaiguvos
142,385,Kelmės (Nr.41) apygarda,0,Valpainių
168,565,Kelmės (Nr.41) apygarda,2,Verpenos
102,494,Kelmės (Nr.41) apygarda,3,Vidsodžio
123,339,Kelmės (Nr.41) apygarda,2,Žalpių
924,3028,Telšių (Nr.40) apygarda,30,Lygumų
957,2536,Telšių (Nr.40) apygarda,34,Masčio
655,1729,Telšių (Nr.40) apygarda,18,Respublikos
955,3015,Telšių (Nr.40) apygarda,43,Žemaitės
833,2231,Telšių (Nr.40) apygarda,25,Muziejaus
872,2241,Telšių (Nr.40) apygarda,25,Šviesos
214,530,Telšių (Nr.40) apygarda,8,Kalno
620,1683,Telšių (Nr.40) apygarda,20,Kęstučio
563,1740,Telšių (Nr.40) apygarda,19,Sedos
1014,2695,Telšių (Nr.40) apygarda,37,PCvirkos
358,1032,Telšių (Nr.40) apygarda,11,Degaičių
221,831,Telšių (Nr.40) apygarda,9,Eigirdžių
243,1004,Telšių (Nr.40) apygarda,7,Buožėnų
133,436,Telšių (Nr.40) apygarda,1,Gedrimų
277,737,Telšių (Nr.40) apygarda,0,Nevarėnų
94,299,Telšių (Nr.40) apygarda,3,Mitkaičių
100,292,Telšių (Nr.40) apygarda,1,Nerimdaičių
269,1061,Telšių (Nr.40) apygarda,8,Ubiškės
416,1287,Telšių (Nr.40) apygarda,15,Tryškių
196,652,Telšių (Nr.40) apygarda,1,Kaunatavos
175,569,Telšių (Nr.40) apygarda,3,Upynos
134,407,Telšių (Nr.40) apygarda,5,Kirklių
254,863,Telšių (Nr.40) apygarda,5,Luokės
71,356,Telšių (Nr.40) apygarda,3,Viekšnalių
112,388,Telšių (Nr.40) apygarda,1,Kuršų
177,612,Telšių (Nr.40) apygarda,4,Janapolės
668,2139,Telšių (Nr.40) apygarda,32,Varnių
231,879,Telšių (Nr.40) apygarda,6,Žarėnų
587,2062,Telšių (Nr.40) apygarda,24,Ryškėnų
260,804,Telšių (Nr.40) apygarda,8,Viešvėnų
144,465,Telšių (Nr.40) apygarda,3,Vembūtų
289,933,Telšių (Nr.40) apygarda,8,Rainių
613,1571,Akmenės - Joniškio (Nr.39) apygarda,35,Senamiesčio
719,1973,Akmenės - Joniškio (Nr.39) apygarda,20,VKudirkos
773,1935,Akmenės - Joniškio (Nr.39) apygarda,34,Respublikos
587,1484,Akmenės - Joniškio (Nr.39) apygarda,28,Ramučių
708,2130,Akmenės - Joniškio (Nr.39) apygarda,32,Žagarės
116,348,Akmenės - Joniškio (Nr.39) apygarda,3,Agluonų
463,919,Akmenės - Joniškio (Nr.39) apygarda,25,Akmenės-oji
131,364,Akmenės - Joniškio (Nr.39) apygarda,2,Daunoriškės
168,473,Akmenės - Joniškio (Nr.39) apygarda,4,Alkiškių
123,385,Akmenės - Joniškio (Nr.39) apygarda,5,Daukšių
153,581,Akmenės - Joniškio (Nr.39) apygarda,3,Daubiškių
121,341,Akmenės - Joniškio (Nr.39) apygarda,5,Kairiškių
173,422,Akmenės - Joniškio (Nr.39) apygarda,7,Gaižaičių
350,931,Akmenės - Joniškio (Nr.39) apygarda,15,Gulbinų
175,592,Akmenės - Joniškio (Nr.39) apygarda,3,Gataučių
167,395,Akmenės - Joniškio (Nr.39) apygarda,8,Kivylių
215,589,Akmenės - Joniškio (Nr.39) apygarda,11,Kruopių
177,609,Akmenės - Joniškio (Nr.39) apygarda,10,Kalnelio
45,140,Akmenės - Joniškio (Nr.39) apygarda,0,Jučių
75,244,Akmenės - Joniškio (Nr.39) apygarda,0,Šapnagių
456,1371,Akmenės - Joniškio (Nr.39) apygarda,28,Pavenčio
460,1354,Akmenės - Joniškio (Nr.39) apygarda,23,Papilės
178,504,Akmenės - Joniškio (Nr.39) apygarda,7,Luokavos
110,341,Akmenės - Joniškio (Nr.39) apygarda,5,Linkaičių
120,411,Akmenės - Joniškio (Nr.39) apygarda,7,Maldenių
147,420,Akmenės - Joniškio (Nr.39) apygarda,3,Sablauskių
550,1509,Akmenės - Joniškio (Nr.39) apygarda,37,Ventos
160,685,Akmenės - Joniškio (Nr.39) apygarda,8,Rudiškių
100,223,Akmenės - Joniškio (Nr.39) apygarda,2,Kalniškių
67,165,Akmenės - Joniškio (Nr.39) apygarda,3,Eglesių
65,177,Akmenės - Joniškio (Nr.39) apygarda,3,Klykolių
379,1308,Akmenės - Joniškio (Nr.39) apygarda,20,Skaistgirio
97,335,Akmenės - Joniškio (Nr.39) apygarda,2,Stungių
588,1302,Akmenės - Joniškio (Nr.39) apygarda,55,Akmenės-oji
92,343,Akmenės - Joniškio (Nr.39) apygarda,1,Stupurų
446,972,Akmenės - Joniškio (Nr.39) apygarda,22,Naujamiesčio
82,231,Akmenės - Joniškio (Nr.39) apygarda,4,Jakiškių
104,278,Akmenės - Joniškio (Nr.39) apygarda,0,Jauniūnų
51,147,Akmenės - Joniškio (Nr.39) apygarda,1,Maželių
74,198,Akmenės - Joniškio (Nr.39) apygarda,2,Mekių
105,457,Akmenės - Joniškio (Nr.39) apygarda,4,Jurdaičių
826,2569,Mažeikių (Nr.38) apygarda,33,MRačkausko
677,1808,Mažeikių (Nr.38) apygarda,83,Senamieščio
683,1873,Mažeikių (Nr.38) apygarda,21,Kęstučio
711,2103,Mažeikių (Nr.38) apygarda,28,Gabijos
1117,3025,Mažeikių (Nr.38) apygarda,51,Žemaitijos
513,1605,Mažeikių (Nr.38) apygarda,19,Reivyčių
1018,3536,Mažeikių (Nr.38) apygarda,41,Pavasario
1161,3539,Mažeikių (Nr.38) apygarda,60,Naftininkų
629,2222,Mažeikių (Nr.38) apygarda,34,Pavenčių
852,2566,Mažeikių (Nr.38) apygarda,39,Sodų
588,2310,Mažeikių (Nr.38) apygarda,17,Kalnėnų
1038,3388,Mažeikių (Nr.38) apygarda,63,Ventos
197,762,Mažeikių (Nr.38) apygarda,10,Krakių
99,413,Mažeikių (Nr.38) apygarda,3,Kapėnų
262,789,Mažeikių (Nr.38) apygarda,8,Palnosų
847,2935,Mažeikių (Nr.38) apygarda,41,Viekšnių
956,2140,Skuodo  - Mažeikių (Nr.37) apygarda,28,Skuodo
882,2177,Skuodo  - Mažeikių (Nr.37) apygarda,36,Vilniaus
712,2029,Skuodo  - Mažeikių (Nr.37) apygarda,23,Laisvės
195,571,Skuodo  - Mažeikių (Nr.37) apygarda,6,Aleksandrijos
153,458,Skuodo  - Mažeikių (Nr.37) apygarda,5,Kaukolikų
93,332,Skuodo  - Mažeikių (Nr.37) apygarda,0,Gėsalų
316,841,Skuodo  - Mažeikių (Nr.37) apygarda,6,Barstyčių
484,1206,Skuodo  - Mažeikių (Nr.37) apygarda,16,Ylakių
135,431,Skuodo  - Mažeikių (Nr.37) apygarda,5,Trumplaukės
106,431,Skuodo  - Mažeikių (Nr.37) apygarda,4,Vižančių
172,602,Skuodo  - Mažeikių (Nr.37) apygarda,12,Pašilės
553,1797,Skuodo  - Mažeikių (Nr.37) apygarda,35,Sedos
132,535,Skuodo  - Mažeikių (Nr.37) apygarda,11,Žemalės
300,892,Skuodo  - Mažeikių (Nr.37) apygarda,8,Lenkimų
154,479,Skuodo  - Mažeikių (Nr.37) apygarda,6,Šerkšnėnų
609,1720,Skuodo  - Mažeikių (Nr.37) apygarda,15,Mosėdžio
145,448,Skuodo  - Mažeikių (Nr.37) apygarda,8,Šauklių
168,638,Skuodo  - Mažeikių (Nr.37) apygarda,4,Plinkšių
564,2193,Skuodo  - Mažeikių (Nr.37) apygarda,28,Tirkšlių
148,385,Skuodo  - Mažeikių (Nr.37) apygarda,4,Notėnų
150,542,Skuodo  - Mažeikių (Nr.37) apygarda,1,Šliktinės
154,592,Skuodo  - Mažeikių (Nr.37) apygarda,6,Balėnų
122,468,Skuodo  - Mažeikių (Nr.37) apygarda,2,Užlieknės
260,603,Skuodo  - Mažeikių (Nr.37) apygarda,7,Daukšių
121,388,Skuodo  - Mažeikių (Nr.37) apygarda,8,Buknaičių
218,816,Skuodo  - Mažeikių (Nr.37) apygarda,8,DRūšupių
97,364,Skuodo  - Mažeikių (Nr.37) apygarda,4,Luknės
112,376,Skuodo  - Mažeikių (Nr.37) apygarda,3,Leckavos
136,395,Skuodo  - Mažeikių (Nr.37) apygarda,7,MRūšupių
103,403,Skuodo  - Mažeikių (Nr.37) apygarda,6,Auksūdžio
186,582,Skuodo  - Mažeikių (Nr.37) apygarda,2,Šačių
82,241,Skuodo  - Mažeikių (Nr.37) apygarda,8,Dagių
188,455,Skuodo  - Mažeikių (Nr.37) apygarda,6,Renavo
115,458,Skuodo  - Mažeikių (Nr.37) apygarda,2,Rukų
124,403,Skuodo  - Mažeikių (Nr.37) apygarda,3,Pikelių
81,274,Skuodo  - Mažeikių (Nr.37) apygarda,0,Račalių
194,582,Skuodo  - Mažeikių (Nr.37) apygarda,8,Ukrinų
197,623,Skuodo  - Mažeikių (Nr.37) apygarda,5,Židikų
103,318,Skuodo  - Mažeikių (Nr.37) apygarda,5,Urvikių
255,1027,Skuodo  - Mažeikių (Nr.37) apygarda,19,Bugenių
121,562,Skuodo  - Mažeikių (Nr.37) apygarda,14,Purvėnų
164,495,Skuodo  - Mažeikių (Nr.37) apygarda,11,Laižuvos
106,221,Skuodo  - Mažeikių (Nr.37) apygarda,0,Lūšės
68,238,Skuodo  - Mažeikių (Nr.37) apygarda,6,Pievėnų
462,1017,Kretingos (Nr.36) apygarda,18,Parko
1219,3102,Kretingos (Nr.36) apygarda,37,MDaujoto
1297,3724,Kretingos (Nr.36) apygarda,59,JPabrėžos
899,2392,Kretingos (Nr.36) apygarda,35,Vytauto
1024,3226,Kretingos (Nr.36) apygarda,36,SDaukanto
811,2039,Kretingos (Nr.36) apygarda,47,Kretingos
463,1308,Kretingos (Nr.36) apygarda,15,Salantų
504,1546,Kretingos (Nr.36) apygarda,5,Darbėnų
157,379,Kretingos (Nr.36) apygarda,3,Lazdininkų
178,458,Kretingos (Nr.36) apygarda,3,Kašučių
123,307,Kretingos (Nr.36) apygarda,8,Kumpikų
190,482,Kretingos (Nr.36) apygarda,7,Grūšlaukės
55,131,Kretingos (Nr.36) apygarda,0,Mančių
123,416,Kretingos (Nr.36) apygarda,3,Laukžemės
140,369,Kretingos (Nr.36) apygarda,3,Piliakalnio
185,485,Kretingos (Nr.36) apygarda,2,Žvainių
124,387,Kretingos (Nr.36) apygarda,2,Laivių
111,289,Kretingos (Nr.36) apygarda,7,Juodupėnų
175,388,Kretingos (Nr.36) apygarda,3,Erlėnų
67,198,Kretingos (Nr.36) apygarda,1,Kalnalio
449,1237,Kretingos (Nr.36) apygarda,16,Kartenos
126,291,Kretingos (Nr.36) apygarda,5,Kalniškių
177,718,Kretingos (Nr.36) apygarda,8,Kurmaičių
343,1086,Kretingos (Nr.36) apygarda,12,Dvaro
134,241,Kretingos (Nr.36) apygarda,6,Padvarių
301,1045,Kretingos (Nr.36) apygarda,17,Kretingsodžio
260,754,Kretingos (Nr.36) apygarda,6,Rūdaičių
685,1884,Kretingos (Nr.36) apygarda,30,Vydmantų
450,1137,Kretingos (Nr.36) apygarda,6,Kūlupėnų
70,197,Kretingos (Nr.36) apygarda,2,Nasrėnų
171,534,Kretingos (Nr.36) apygarda,3,Baublių
114,285,Kretingos (Nr.36) apygarda,5,Budrių
17,71,Kretingos (Nr.36) apygarda,0,Mikoliškių
206,561,Kretingos (Nr.36) apygarda,7,Dupulčių
105,325,Kretingos (Nr.36) apygarda,2,Raguviškių
96,361,Kretingos (Nr.36) apygarda,3,Rubulių
148,414,Kretingos (Nr.36) apygarda,2,Jokūbavo
80,218,Kretingos (Nr.36) apygarda,4,Valėnų
92,191,Kretingos (Nr.36) apygarda,0,Leliūnų
197,369,Plungės - Rietavo (Nr.35) apygarda,7,Daugėdų
527,1878,Plungės - Rietavo (Nr.35) apygarda,20,Birutės
527,1534,Plungės - Rietavo (Nr.35) apygarda,15,DariausirGirėno
93,251,Plungės - Rietavo (Nr.35) apygarda,6,Giliogirio
121,316,Plungės - Rietavo (Nr.35) apygarda,2,Labardžių
1092,3183,Plungės - Rietavo (Nr.35) apygarda,42,AJucio
151,477,Plungės - Rietavo (Nr.35) apygarda,2,Medingėnų
941,2865,Plungės - Rietavo (Nr.35) apygarda,23,Laisvės
213,668,Plungės - Rietavo (Nr.35) apygarda,4,Pelaičių
970,2701,Plungės - Rietavo (Nr.35) apygarda,48,VMačernio
719,2033,Plungės - Rietavo (Nr.35) apygarda,24,Senamiesčio
960,2286,Plungės - Rietavo (Nr.35) apygarda,26,Rietavo
902,2439,Plungės - Rietavo (Nr.35) apygarda,33,AVaišvilos
384,1240,Plungės - Rietavo (Nr.35) apygarda,11,Sauslaukio
307,1150,Plungės - Rietavo (Nr.35) apygarda,9,Tverų
149,413,Plungės - Rietavo (Nr.35) apygarda,3,Aleksandravo
315,858,Plungės - Rietavo (Nr.35) apygarda,9,Vatušių
371,1069,Plungės - Rietavo (Nr.35) apygarda,14,Alsėdžių
133,428,Plungės - Rietavo (Nr.35) apygarda,2,Didvyčių
172,564,Plungės - Rietavo (Nr.35) apygarda,6,Gegrėnų
179,426,Plungės - Rietavo (Nr.35) apygarda,5,Gintališkės
273,798,Plungės - Rietavo (Nr.35) apygarda,4,Glaudžių
110,445,Plungės - Rietavo (Nr.35) apygarda,1,Grumblių
182,628,Plungės - Rietavo (Nr.35) apygarda,1,Karklėnų
200,621,Plungės - Rietavo (Nr.35) apygarda,2,Kontaučių
370,1061,Plungės - Rietavo (Nr.35) apygarda,15,Kulių
132,324,Plungės - Rietavo (Nr.35) apygarda,2,Milašaičių
188,548,Plungės - Rietavo (Nr.35) apygarda,4,Narvaišių
497,1494,Plungės - Rietavo (Nr.35) apygarda,9,Nausodžio
534,1338,Plungės - Rietavo (Nr.35) apygarda,10,Platelių
189,547,Plungės - Rietavo (Nr.35) apygarda,7,Stalgėnų
186,618,Plungės - Rietavo (Nr.35) apygarda,5,Stanelių
289,1060,Plungės - Rietavo (Nr.35) apygarda,4,Šateikių
290,791,Plungės - Rietavo (Nr.35) apygarda,10,Truikių
377,1156,Plungės - Rietavo (Nr.35) apygarda,12,ŽemaičiųKalvarijos
212,649,Plungės - Rietavo (Nr.35) apygarda,3,Žlibinų
252,948,Plungės - Rietavo (Nr.35) apygarda,7,Prūsalių
980,2709,Tauragės (Nr.34) apygarda,61,Prezidento
1307,3618,Tauragės (Nr.34) apygarda,74,JTumo-Vaižganto
558,1326,Tauragės (Nr.34) apygarda,19,Tauragės
796,2329,Tauragės (Nr.34) apygarda,50,DariausirGirėno
1086,3352,Tauragės (Nr.34) apygarda,36,Aerodromo
1070,2955,Tauragės (Nr.34) apygarda,62,Moksleivių
1019,3131,Tauragės (Nr.34) apygarda,53,Laisvės
479,1364,Tauragės (Nr.34) apygarda,41,Melioratorių
556,1952,Tauragės (Nr.34) apygarda,17,Taurų
349,1200,Tauragės (Nr.34) apygarda,12,Lauksargių
125,334,Tauragės (Nr.34) apygarda,5,Kęsčių
218,660,Tauragės (Nr.34) apygarda,4,Sartininkų
247,841,Tauragės (Nr.34) apygarda,9,Žygaičių
60,193,Tauragės (Nr.34) apygarda,2,Vizbarų
170,406,Tauragės (Nr.34) apygarda,6,Aukštupių
235,526,Tauragės (Nr.34) apygarda,11,Dapkiškių
228,643,Tauragės (Nr.34) apygarda,16,Norkaičių
252,642,Tauragės (Nr.34) apygarda,8,Pagramančio
279,833,Tauragės (Nr.34) apygarda,5,Mažonų
154,421,Tauragės (Nr.34) apygarda,5,Lomių
97,367,Tauragės (Nr.34) apygarda,1,Šakviečio
141,712,Tauragės (Nr.34) apygarda,11,Juodpetrių
355,919,Tauragės (Nr.34) apygarda,11,Batakių
180,445,Tauragės (Nr.34) apygarda,3,Eidintų
232,681,Tauragės (Nr.34) apygarda,8,Gaurės
165,608,Tauragės (Nr.34) apygarda,2,Kunigiškių
111,333,Tauragės (Nr.34) apygarda,3,Eičių
151,598,Tauragės (Nr.34) apygarda,7,Baltrušaičių
143,503,Tauragės (Nr.34) apygarda,3,Dauglaukio
180,574,Tauragės (Nr.34) apygarda,6,Drąslaukio
1040,2145,Šilalės - Šilutės (Nr.33) apygarda,22,Šilalės
466,944,Šilalės - Šilutės (Nr.33) apygarda,4,Balsių
248,656,Šilalės - Šilutės (Nr.33) apygarda,2,Bijotų
199,402,Šilalės - Šilutės (Nr.33) apygarda,0,Bilionių
218,430,Šilalės - Šilutės (Nr.33) apygarda,5,Bytlaukio
242,574,Šilalės - Šilutės (Nr.33) apygarda,7,BiržųLauko
226,867,Šilalės - Šilutės (Nr.33) apygarda,13,Gardamo
169,277,Šilalės - Šilutės (Nr.33) apygarda,0,Didkiemio
165,430,Šilalės - Šilutės (Nr.33) apygarda,1,Gineikių
71,232,Šilalės - Šilutės (Nr.33) apygarda,3,Ramučių
129,457,Šilalės - Šilutės (Nr.33) apygarda,4,Šylių
103,226,Šilalės - Šilutės (Nr.33) apygarda,1,Girdiškės
144,303,Šilalės - Šilutės (Nr.33) apygarda,1,Iždonų
205,666,Šilalės - Šilutės (Nr.33) apygarda,1,Jomantų
202,454,Šilalės - Šilutės (Nr.33) apygarda,2,Jucaičių
565,1245,Šilalės - Šilutės (Nr.33) apygarda,16,Kaltinėnų
935,2096,Šilalės - Šilutės (Nr.33) apygarda,11,Kvėdarnos
676,1600,Šilalės - Šilutės (Nr.33) apygarda,7,Laukuvos
312,716,Šilalės - Šilutės (Nr.33) apygarda,5,Obelyno
483,1200,Šilalės - Šilutės (Nr.33) apygarda,6,Pajūrio
367,830,Šilalės - Šilutės (Nr.33) apygarda,5,Pajūralio
213,424,Šilalės - Šilutės (Nr.33) apygarda,4,Požerės
365,684,Šilalės - Šilutės (Nr.33) apygarda,3,Šiauduvos
172,434,Šilalės - Šilutės (Nr.33) apygarda,6,Tenenių
402,974,Šilalės - Šilutės (Nr.33) apygarda,0,Traksėdžio
372,861,Šilalės - Šilutės (Nr.33) apygarda,6,Upynos
257,698,Šilalės - Šilutės (Nr.33) apygarda,1,Žadeikių
142,283,Šilalės - Šilutės (Nr.33) apygarda,0,Stubrių
86,186,Šilalės - Šilutės (Nr.33) apygarda,3,Stemplių
779,1510,Šilalės - Šilutės (Nr.33) apygarda,16,Ligoninės
826,2008,Šilalės - Šilutės (Nr.33) apygarda,15,Švėkšnos
112,239,Šilalės - Šilutės (Nr.33) apygarda,0,Palentinio
775,1705,Šilalės - Šilutės (Nr.33) apygarda,12,Gimnazijos
226,631,Šilalės - Šilutės (Nr.33) apygarda,11,Inkaklių
217,701,Šilalės - Šilutės (Nr.33) apygarda,12,Katyčių
149,411,Šilalės - Šilutės (Nr.33) apygarda,6,Bikavėnų
123,305,Šilalės - Šilutės (Nr.33) apygarda,0,Gorainių
213,453,Šilalės - Šilutės (Nr.33) apygarda,10,Kivylių
234,819,Šilalės - Šilutės (Nr.33) apygarda,7,Vainuto
63,128,Šilalės - Šilutės (Nr.33) apygarda,1,Pempiškių
474,1276,Šilalės - Šilutės (Nr.33) apygarda,18,ŽemaičiųNaumiesčio
205,804,Šilalės - Šilutės (Nr.33) apygarda,3,Degučių
303,885,Šilalės - Šilutės (Nr.33) apygarda,16,Naumiesčiokaimiškoji
958,1817,Šilutės - Pagėgių (Nr.32) apygarda,21,Pagėgių
718,2372,Šilutės - Pagėgių (Nr.32) apygarda,60,Mokyklos
786,2364,Šilutės - Pagėgių (Nr.32) apygarda,80,Žalgirio
98,279,Šilutės - Pagėgių (Nr.32) apygarda,3,Panemunės
832,2434,Šilutės - Pagėgių (Nr.32) apygarda,82,MartynoJankaus
140,277,Šilutės - Pagėgių (Nr.32) apygarda,5,Kentrių
364,736,Šilutės - Pagėgių (Nr.32) apygarda,13,Natkiškių
611,1831,Šilutės - Pagėgių (Nr.32) apygarda,66,Politechnikos
257,711,Šilutės - Pagėgių (Nr.32) apygarda,10,Pagėgiųkaimiškoji
847,2576,Šilutės - Pagėgių (Nr.32) apygarda,68,Tilžės
258,577,Šilutės - Pagėgių (Nr.32) apygarda,6,Piktupėnų
473,1413,Šilutės - Pagėgių (Nr.32) apygarda,31,Rusnės
511,1241,Šilutės - Pagėgių (Nr.32) apygarda,13,Stoniškių
267,616,Šilutės - Pagėgių (Nr.32) apygarda,8,Šilgalių
510,956,Šilutės - Pagėgių (Nr.32) apygarda,19,Rambyno
497,1716,Šilutės - Pagėgių (Nr.32) apygarda,31,Pagrynių
479,823,Šilutės - Pagėgių (Nr.32) apygarda,11,Vilkyškių
268,859,Šilutės - Pagėgių (Nr.32) apygarda,17,Traksėdžių
323,617,Šilutės - Pagėgių (Nr.32) apygarda,10,Žukų
209,510,Šilutės - Pagėgių (Nr.32) apygarda,6,Jonaičių
408,1390,Šilutės - Pagėgių (Nr.32) apygarda,15,Juknaičių
256,982,Šilutės - Pagėgių (Nr.32) apygarda,11,Pašyšių
240,729,Šilutės - Pagėgių (Nr.32) apygarda,25,Grabupių
231,976,Šilutės - Pagėgių (Nr.32) apygarda,9,Macikų
559,1491,Šilutės - Pagėgių (Nr.32) apygarda,27,Naujakurių
105,314,Šilutės - Pagėgių (Nr.32) apygarda,2,Žemaitkiemio
43,217,Šilutės - Pagėgių (Nr.32) apygarda,1,Barvų
379,1145,Šilutės - Pagėgių (Nr.32) apygarda,28,Saugų
310,1581,Šilutės - Pagėgių (Nr.32) apygarda,24,Kintų
297,1297,Šilutės - Pagėgių (Nr.32) apygarda,35,Vilkyčių
357,1117,Šilutės - Pagėgių (Nr.32) apygarda,15,Usėnų
305,888,Šilutės - Pagėgių (Nr.32) apygarda,24,Lietuvininkų
419,1201,Šilutės - Pagėgių (Nr.32) apygarda,31,Liepų
1384,3278,Gargždų (Nr.31) apygarda,48,Gargždų
1591,3967,Gargždų (Nr.31) apygarda,27,Gargždų
747,1968,Gargždų (Nr.31) apygarda,13,Gargždų
1602,3897,Gargždų (Nr.31) apygarda,48,Gargždų
494,1211,Gargždų (Nr.31) apygarda,11,Endriejavo
257,607,Gargždų (Nr.31) apygarda,4,Judrėnų
129,305,Gargždų (Nr.31) apygarda,2,Žadeikių
166,362,Gargždų (Nr.31) apygarda,0,Daukšaičių
201,612,Gargždų (Nr.31) apygarda,7,Pėžaičių
169,394,Gargždų (Nr.31) apygarda,5,Šalpėnų
503,1309,Gargždų (Nr.31) apygarda,12,Veiviržėnų
152,518,Gargždų (Nr.31) apygarda,2,Girininkų
250,611,Gargždų (Nr.31) apygarda,6,Lapių
84,237,Gargždų (Nr.31) apygarda,0,Tilvikų
854,2461,Gargždų (Nr.31) apygarda,14,Vėžaičių
887,2324,Gargždų (Nr.31) apygarda,26,Priekulės
371,1089,Gargždų (Nr.31) apygarda,14,Agluonėnų
610,2307,Gargždų (Nr.31) apygarda,29,Dovilų
294,1375,Gargždų (Nr.31) apygarda,18,Ketvergių
206,638,Gargždų (Nr.31) apygarda,4,Šiūparių
496,1207,Gargždų (Nr.31) apygarda,8,Dauparų
279,686,Gargždų (Nr.31) apygarda,11,Kvietinių
186,583,Gargždų (Nr.31) apygarda,6,Girkalių
305,1165,Gargždų (Nr.31) apygarda,12,Kretingalės
265,829,Gargždų (Nr.31) apygarda,1,Plikių
230,623,Gargždų (Nr.31) apygarda,10,Drevernos
427,1283,Gargždų (Nr.31) apygarda,10,Kalotės
212,634,Gargždų (Nr.31) apygarda,4,Venckų
363,1003,Gargždų (Nr.31) apygarda,23,Jakų
871,2812,Gargždų (Nr.31) apygarda,42,Slengių
451,2241,Gargždų (Nr.31) apygarda,26,Dituvos
538,1409,Alytaus (Nr.30) apygarda,42,Amatų
684,1791,Alytaus (Nr.30) apygarda,28,ARamanausko-Vanago
600,1839,Alytaus (Nr.30) apygarda,32,Centro
903,2813,Alytaus (Nr.30) apygarda,39,AMatučio
599,1720,Alytaus (Nr.30) apygarda,42,Dzūkijos
617,1877,Alytaus (Nr.30) apygarda,44,Naujoji
540,1592,Alytaus (Nr.30) apygarda,30,Statybininkų
694,2113,Alytaus (Nr.30) apygarda,39,Vilties
764,2175,Alytaus (Nr.30) apygarda,51,Sporto
337,1047,Alytaus (Nr.30) apygarda,25,Panemunės
1049,3434,Alytaus (Nr.30) apygarda,39,Vidzgirio
726,2528,Alytaus (Nr.30) apygarda,35,Jotvingių
573,1746,Alytaus (Nr.30) apygarda,40,Topolių
1139,3654,Alytaus (Nr.30) apygarda,65,Volungės
895,2456,Alytaus (Nr.30) apygarda,47,Jaunimo
1019,3517,Alytaus (Nr.30) apygarda,53,Jurgiškių
837,2941,Alytaus (Nr.30) apygarda,41,Likiškėlių
982,3326,Marijampolės (Nr.29) apygarda,37,Kvietiškio
707,1918,Marijampolės (Nr.29) apygarda,26,Narto
673,2137,Marijampolės (Nr.29) apygarda,25,Laikštės
1050,3525,Marijampolės (Nr.29) apygarda,35,Tarpučių
770,2520,Marijampolės (Nr.29) apygarda,21,Uosupio
995,3234,Marijampolės (Nr.29) apygarda,46,Mokolų
1246,3486,Marijampolės (Nr.29) apygarda,42,Degučių
706,2316,Marijampolės (Nr.29) apygarda,32,Suvalkiečių
778,2525,Marijampolės (Nr.29) apygarda,27,Šaulių
828,2208,Marijampolės (Nr.29) apygarda,23,Kauno
704,1938,Marijampolės (Nr.29) apygarda,15,DariausirGirėno
785,2105,Marijampolės (Nr.29) apygarda,57,Beržų
517,1096,Marijampolės (Nr.29) apygarda,16,Armino
234,701,Marijampolės (Nr.29) apygarda,6,Gedimino
711,2208,Marijampolės (Nr.29) apygarda,30,Centro
654,2126,Aukštaitijos (Nr.28) apygarda,38,Krekenavos
230,837,Aukštaitijos (Nr.28) apygarda,9,Žibartonių
138,411,Aukštaitijos (Nr.28) apygarda,2,Naujarodžių
84,343,Aukštaitijos (Nr.28) apygarda,6,Linkaučių
183,640,Aukštaitijos (Nr.28) apygarda,16,Upytės
189,568,Aukštaitijos (Nr.28) apygarda,18,Ėriškių
135,578,Aukštaitijos (Nr.28) apygarda,2,Liberiškio
135,503,Aukštaitijos (Nr.28) apygarda,15,Berniūnų
421,1351,Aukštaitijos (Nr.28) apygarda,43,Naujamiesčio
189,601,Aukštaitijos (Nr.28) apygarda,4,Gustonių
174,657,Aukštaitijos (Nr.28) apygarda,6,Uliūnų
741,2439,Aukštaitijos (Nr.28) apygarda,82,Vandentiekio
731,2144,Aukštaitijos (Nr.28) apygarda,64,Ramygalos
115,363,Aukštaitijos (Nr.28) apygarda,3,Daniūnų
366,1119,Aukštaitijos (Nr.28) apygarda,26,Raguvos
1156,2965,Aukštaitijos (Nr.28) apygarda,126,JMiltinio
131,311,Aukštaitijos (Nr.28) apygarda,9,Šilų
761,2975,Aukštaitijos (Nr.28) apygarda,56,Staniūnų
227,699,Aukštaitijos (Nr.28) apygarda,7,Miežiškių
1126,2938,Aukštaitijos (Nr.28) apygarda,154,Beržų
170,603,Aukštaitijos (Nr.28) apygarda,9,Nevėžio
624,1819,Aukštaitijos (Nr.28) apygarda,46,Ramygalos
239,854,Aukštaitijos (Nr.28) apygarda,17,Trakiškio
164,581,Aukštaitijos (Nr.28) apygarda,11,Šilagalio
787,2293,Aukštaitijos (Nr.28) apygarda,85,Dembavos
858,2498,Aukštaitijos (Nr.28) apygarda,68,Velžio
183,596,Aukštaitijos (Nr.28) apygarda,7,Liūdynės
110,354,Aukštaitijos (Nr.28) apygarda,9,Katinų
266,736,Aukštaitijos (Nr.28) apygarda,26,Pažagienių
277,904,Aukštaitijos (Nr.28) apygarda,14,Vadoklių
186,709,Aukštaitijos (Nr.28) apygarda,16,Jotainių
373,927,Aukštaitijos (Nr.28) apygarda,43,Molainių
54,237,Aukštaitijos (Nr.28) apygarda,4,Mažėnių
1719,3915,Vakarinė (Nr.27) apygarda,58,Pilėnai
1567,4005,Vakarinė (Nr.27) apygarda,53,Nemuno
1527,4237,Vakarinė (Nr.27) apygarda,51,Žvaigždžių
1468,4140,Vakarinė (Nr.27) apygarda,43,Šermuto
1104,2862,Vakarinė (Nr.27) apygarda,43,Parko
1404,3175,Vakarinė (Nr.27) apygarda,54,DariausirGirėno
1070,2654,Vakarinė (Nr.27) apygarda,51,ALipniūno
848,2279,Vakarinė (Nr.27) apygarda,48,Klaipėdos
1145,2896,Vakarinė (Nr.27) apygarda,42,Žvaigždutės
1141,2803,Vakarinė (Nr.27) apygarda,38,Statybininkų
1367,4113,Vakarinė (Nr.27) apygarda,55,Kniaudiškių
1353,3654,Nevėžio (Nr.26) apygarda,110,Geležinkelio
1613,4353,Nevėžio (Nr.26) apygarda,97,Rožių
923,3030,Nevėžio (Nr.26) apygarda,68,Šiaulių
883,2473,Nevėžio (Nr.26) apygarda,70,Vienybės
1055,3134,Nevėžio (Nr.26) apygarda,65,Šermukšnių
613,2083,Nevėžio (Nr.26) apygarda,44,VŽemkalnio
952,2252,Nevėžio (Nr.26) apygarda,65,JBalčikonio
903,2294,Nevėžio (Nr.26) apygarda,68,Laisvės
951,2318,Nevėžio (Nr.26) apygarda,65,Poliklinikos
876,2884,Nevėžio (Nr.26) apygarda,64,Menųmokyklos
869,2211,Nevėžio (Nr.26) apygarda,70,Danutės
1055,2772,Nevėžio (Nr.26) apygarda,85,Tulpių
1010,2548,Nevėžio (Nr.26) apygarda,91,Ukmergės
236,820,Dainų (Nr.25) apygarda,10,Voveriškių
229,726,Dainų (Nr.25) apygarda,14,Gegužių
409,1270,Dainų (Nr.25) apygarda,37,Aukštelkės
1271,3381,Dainų (Nr.25) apygarda,87,Lieporių
835,2465,Dainų (Nr.25) apygarda,42,Beržyno
907,2407,Dainų (Nr.25) apygarda,72,SenojoBokšto
1004,2394,Dainų (Nr.25) apygarda,57,Dainų
831,2263,Dainų (Nr.25) apygarda,41,Aido
771,2394,Dainų (Nr.25) apygarda,41,Lyros
728,2313,Dainų (Nr.25) apygarda,36,Architektų
1131,3791,Dainų (Nr.25) apygarda,54,Romuvos
1215,4099,Dainų (Nr.25) apygarda,68,Šventupio
1123,3365,Dainų (Nr.25) apygarda,69,Gytarių
1062,2784,Saulės (Nr.24) apygarda,111,SŠalkauskio
800,2618,Saulės (Nr.24) apygarda,89,Linkuvos
1127,3341,Saulės (Nr.24) apygarda,95,Šimšės
706,2327,Saulės (Nr.24) apygarda,26,Zoknių
613,1577,Saulės (Nr.24) apygarda,54,Pabalių
579,1666,Saulės (Nr.24) apygarda,56,KDonelaičio
1063,3264,Saulės (Nr.24) apygarda,105,Verduliukų
1199,3506,Saulės (Nr.24) apygarda,115,Tilžės
755,2353,Saulės (Nr.24) apygarda,63,Žaliūkių
1029,2864,Saulės (Nr.24) apygarda,99,Gegužių
762,2112,Saulės (Nr.24) apygarda,58,SDariausirSGirėno
960,3240,Saulės (Nr.24) apygarda,58,Rėkyvos
1414,4186,Aušros (Nr.23) apygarda,100,Medelyno
773,2140,Aušros (Nr.23) apygarda,30,Purienų
800,2724,Aušros (Nr.23) apygarda,39,JBasanavičiaus
521,1565,Aušros (Nr.23) apygarda,37,MKČiurlionio
792,2194,Aušros (Nr.23) apygarda,49,VKudirkos
678,2397,Aušros (Nr.23) apygarda,42,Vijolių
1302,3359,Aušros (Nr.23) apygarda,97,Jovaro
802,1995,Aušros (Nr.23) apygarda,70,Parko
957,2571,Aušros (Nr.23) apygarda,75,Varpo
1015,2859,Aušros (Nr.23) apygarda,75,JJanonio
790,2101,Aušros (Nr.23) apygarda,61,Kražių
704,1866,Aušros (Nr.23) apygarda,39,Ragainės
650,2043,Pajūrio (Nr.22) apygarda,46,Kopų
605,1588,Pajūrio (Nr.22) apygarda,36,Kaštonų
950,2675,Pajūrio (Nr.22) apygarda,56,Ateities
372,1156,Pajūrio (Nr.22) apygarda,18,Smėlio
164,460,Pajūrio (Nr.22) apygarda,9,Pušų
1624,4043,Pajūrio (Nr.22) apygarda,69,Saulės
451,1049,Pajūrio (Nr.22) apygarda,27,Vilniaus
972,2026,Pajūrio (Nr.22) apygarda,49,Aikštės
467,1279,Pajūrio (Nr.22) apygarda,11,Kauno
479,1387,Pajūrio (Nr.22) apygarda,18,Jūros
896,3366,Pajūrio (Nr.22) apygarda,64,Strėvos
775,2817,Pajūrio (Nr.22) apygarda,58,Sulupės
1235,3987,Pajūrio (Nr.22) apygarda,90,Pamario
781,2695,Pajūrio (Nr.22) apygarda,48,Rambyno
1304,4013,Pajūrio (Nr.22) apygarda,105,Smiltelės
1228,4301,Pajūrio (Nr.22) apygarda,75,Alksnynės
169,655,Pajūrio (Nr.22) apygarda,12,Baltijos
1082,3872,Marių (Nr.21) apygarda,40,Versmės
1236,4069,Marių (Nr.21) apygarda,92,Vakarų
1069,3445,Marių (Nr.21) apygarda,52,Aukuro
1014,3334,Marių (Nr.21) apygarda,62,Želmenėlio
1073,3776,Marių (Nr.21) apygarda,46,Brožynų
1209,4189,Marių (Nr.21) apygarda,46,Laukininkai
957,3894,Marių (Nr.21) apygarda,42,Budelkiemio
1016,4051,Marių (Nr.21) apygarda,35,Berželio
669,2321,Marių (Nr.21) apygarda,31,Volungėlės
1075,4123,Marių (Nr.21) apygarda,50,Bandužių
1196,4067,Baltijos (Nr.20) apygarda,77,KlaipėdosVandens
562,1603,Baltijos (Nr.20) apygarda,21,Rumpiškių
920,2928,Baltijos (Nr.20) apygarda,47,Aitvaro
598,1963,Baltijos (Nr.20) apygarda,36,Brigantinos
979,3218,Baltijos (Nr.20) apygarda,51,Draugystės
618,1939,Baltijos (Nr.20) apygarda,37,Švyturio
490,1802,Baltijos (Nr.20) apygarda,20,Olimpijos
1031,3153,Baltijos (Nr.20) apygarda,48,Dainavos
383,1159,Baltijos (Nr.20) apygarda,24,Aušros
757,2169,Baltijos (Nr.20) apygarda,36,Nykštuko
683,2604,Baltijos (Nr.20) apygarda,39,Debreceno
890,2656,Baltijos (Nr.20) apygarda,39,Gedminų
842,2360,Baltijos (Nr.20) apygarda,31,Vėtrungės
532,1623,Baltijos (Nr.20) apygarda,29,Žilvičio
740,2022,Baltijos (Nr.20) apygarda,44,Menųmokyklos
1420,3541,Danės (Nr.19) apygarda,85,Gimnazijos
458,1149,Danės (Nr.19) apygarda,32,Danės
545,1717,Danės (Nr.19) apygarda,35,Eglės
1021,2692,Danės (Nr.19) apygarda,80,DviračiųTreko
767,2087,Danės (Nr.19) apygarda,65,Kretingos
869,2425,Danės (Nr.19) apygarda,49,Šviesos
463,1176,Danės (Nr.19) apygarda,33,MuzikosCentro
375,1038,Danės (Nr.19) apygarda,43,Žaliakalnio
975,3968,Danės (Nr.19) apygarda,88,Saulutės
702,1967,Danės (Nr.19) apygarda,48,Tauralaukio
480,1380,Danės (Nr.19) apygarda,25,Baltikalnio
670,1984,Danės (Nr.19) apygarda,56,Saulėtekio
432,1319,Danės (Nr.19) apygarda,35,Šatrijos
566,1772,Danės (Nr.19) apygarda,62,Vilties
522,1709,Danės (Nr.19) apygarda,66,Pingvinuko
1057,2773,Danės (Nr.19) apygarda,46,Šilojų
227,502,Danės (Nr.19) apygarda,15,Girulių
352,1053,Danės (Nr.19) apygarda,29,Molo
344,362,Danės (Nr.19) apygarda,69,Jūreivių
846,2904,Danės (Nr.19) apygarda,98,Prekybosuosto
261,911,Danės (Nr.19) apygarda,16,SDaukanto
520,1494,Danės (Nr.19) apygarda,31,Kuršių
490,1454,Danės (Nr.19) apygarda,28,Politechnikos
619,2301,Panemunės (Nr.18) apygarda,26,Šančių
843,2465,Panemunės (Nr.18) apygarda,57,Drobės
799,2202,Panemunės (Nr.18) apygarda,62,Skuodo
1357,3606,Panemunės (Nr.18) apygarda,97,Žiburio
1287,3605,Panemunės (Nr.18) apygarda,100,Breslaujos
528,1717,Panemunės (Nr.18) apygarda,55,Naglio
1012,3240,Panemunės (Nr.18) apygarda,66,Šilo
866,2843,Panemunės (Nr.18) apygarda,71,Buriuotojų
792,2734,Panemunės (Nr.18) apygarda,52,Vaidoto
921,2706,Panemunės (Nr.18) apygarda,78,Pušų
765,2067,Panemunės (Nr.18) apygarda,31,Vičiūnų
880,2720,Panemunės (Nr.18) apygarda,50,Rokų
790,2180,Panemunės (Nr.18) apygarda,48,Vaišvydavos
887,2381,Pramonės (Nr.17) apygarda,73,VKrėvės
941,2742,Pramonės (Nr.17) apygarda,75,Specialistų
925,2452,Pramonės (Nr.17) apygarda,55,Taikos
914,2463,Pramonės (Nr.17) apygarda,56,Vyturio
889,2300,Pramonės (Nr.17) apygarda,75,Butrimonių
1104,3082,Pramonės (Nr.17) apygarda,85,Dujotiekio
814,2191,Pramonės (Nr.17) apygarda,63,Girstučio
1249,3232,Pramonės (Nr.17) apygarda,71,Pašilės
914,2668,Pramonės (Nr.17) apygarda,70,Knygnešių
412,1379,Pramonės (Nr.17) apygarda,34,Palemono
739,2431,Pramonės (Nr.17) apygarda,71,Pamario
738,2058,Pramonės (Nr.17) apygarda,63,Nemuno
1490,4091,Dainavos (Nr.16) apygarda,141,Buitininkų
1289,3459,Dainavos (Nr.16) apygarda,100,Partizanų
760,2592,Dainavos (Nr.16) apygarda,79,Pramonės
1204,3315,Dainavos (Nr.16) apygarda,116,Dainavos
922,2466,Dainavos (Nr.16) apygarda,75,JUrbšio
1078,2891,Dainavos (Nr.16) apygarda,113,Sartų
979,2726,Dainavos (Nr.16) apygarda,88,ATiminskio
885,2243,Dainavos (Nr.16) apygarda,83,Nepriklausomybės
1265,3567,Dainavos (Nr.16) apygarda,137,Vytauto
1337,3635,Dainavos (Nr.16) apygarda,133,Atžalyno
1326,3499,Kalniečių (Nr.15) apygarda,93,Aukuro
1300,3595,Kalniečių (Nr.15) apygarda,78,Šiaurės
1394,3823,Kalniečių (Nr.15) apygarda,100,SŽukausko
1377,4000,Kalniečių (Nr.15) apygarda,76,Statybininkų
814,2031,Kalniečių (Nr.15) apygarda,45,Rasos
1524,3890,Kalniečių (Nr.15) apygarda,112,PPlechavičiaus
1419,4013,Kalniečių (Nr.15) apygarda,107,KŠkirpos
1564,4096,Kalniečių (Nr.15) apygarda,83,PLukšio
534,1460,Žaliakalnio (Nr.14) apygarda,39,Jonavos
515,1235,Žaliakalnio (Nr.14) apygarda,33,Saulės
1019,2397,Žaliakalnio (Nr.14) apygarda,56,LKarsavino
501,1227,Žaliakalnio (Nr.14) apygarda,21,Tvirtovės
732,1699,Žaliakalnio (Nr.14) apygarda,36,Algirdo
415,1011,Žaliakalnio (Nr.14) apygarda,28,Sukilėlių
911,2730,Žaliakalnio (Nr.14) apygarda,61,Purienų
547,1111,Žaliakalnio (Nr.14) apygarda,42,Vilties
1207,3449,Žaliakalnio (Nr.14) apygarda,118,Žeimenos
1066,3143,Žaliakalnio (Nr.14) apygarda,94,Versmės
1429,3955,Žaliakalnio (Nr.14) apygarda,118,Gerovės
1102,2698,Žaliakalnio (Nr.14) apygarda,75,MJankaus
965,2027,Žaliakalnio (Nr.14) apygarda,59,SNėries
643,1737,Žaliakalnio (Nr.14) apygarda,67,Vaidilutės
738,1874,Centro (Nr.13) apygarda,44,Tekstilininkų
698,1887,Centro (Nr.13) apygarda,53,Maironio
425,1169,Centro (Nr.13) apygarda,22,AMackevičiaus
540,1265,Centro (Nr.13) apygarda,31,Varpo
1123,2476,Centro (Nr.13) apygarda,78,Ryšių
1000,2311,Centro (Nr.13) apygarda,83,Radvilėnų
892,1779,Centro (Nr.13) apygarda,34,JJablonskio
1098,2605,Centro (Nr.13) apygarda,76,Aušros
495,1213,Centro (Nr.13) apygarda,49,Senojotresto
764,1873,Centro (Nr.13) apygarda,53,Gedimino
377,838,Centro (Nr.13) apygarda,19,Sporto
1328,3149,Centro (Nr.13) apygarda,124,Miško
1067,2951,Centro (Nr.13) apygarda,73,Studentų
518,1690,Centro (Nr.13) apygarda,43,Parko
660,2091,Centro (Nr.13) apygarda,45,Sodų
624,1769,Aleksoto -  Vilijampolės (Nr.12) apygarda,55,Neries
605,1574,Aleksoto -  Vilijampolės (Nr.12) apygarda,45,Sąjungos
1060,3287,Aleksoto -  Vilijampolės (Nr.12) apygarda,56,Dobilo
372,1095,Aleksoto -  Vilijampolės (Nr.12) apygarda,13,Apuolės
345,1466,Aleksoto -  Vilijampolės (Nr.12) apygarda,24,Seredžiaus
1328,4348,Aleksoto -  Vilijampolės (Nr.12) apygarda,62,Veršvų
535,1718,Aleksoto -  Vilijampolės (Nr.12) apygarda,31,Žagarės
254,554,Aleksoto -  Vilijampolės (Nr.12) apygarda,20,Lampėdžių
951,2664,Aleksoto -  Vilijampolės (Nr.12) apygarda,58,Kaniūkų
516,1554,Aleksoto -  Vilijampolės (Nr.12) apygarda,32,Akademijos
252,1003,Aleksoto -  Vilijampolės (Nr.12) apygarda,14,HirOMinkovskių
900,3191,Aleksoto -  Vilijampolės (Nr.12) apygarda,51,JDobkevičiaus
580,1821,Aleksoto -  Vilijampolės (Nr.12) apygarda,34,Veiverių
930,2876,Aleksoto -  Vilijampolės (Nr.12) apygarda,52,Birutės
707,2200,Aleksoto -  Vilijampolės (Nr.12) apygarda,39,Julijanavos
724,1768,Aleksoto -  Vilijampolės (Nr.12) apygarda,36,Piliakalnio
1303,3627,Aleksoto -  Vilijampolės (Nr.12) apygarda,87,Ąžuolo
430,1088,Aleksoto -  Vilijampolės (Nr.12) apygarda,37,Kazliškių
770,2146,Aleksoto -  Vilijampolės (Nr.12) apygarda,31,Tirkiliškių
977,2525,Aleksoto -  Vilijampolės (Nr.12) apygarda,62,Romainių
1041,2750,Šilainių (Nr.11) apygarda,52,Gamyklos
447,1259,Šilainių (Nr.11) apygarda,48,Sargėnų
1327,3473,Šilainių (Nr.11) apygarda,77,Vėtrungės
1255,3297,Šilainių (Nr.11) apygarda,66,Rasytės
674,1805,Šilainių (Nr.11) apygarda,40,Šarkuvos
944,2762,Šilainių (Nr.11) apygarda,63,Kuršių
1474,4179,Šilainių (Nr.11) apygarda,85,Žemaičių
1449,4017,Šilainių (Nr.11) apygarda,91,Baltų
1472,3975,Šilainių (Nr.11) apygarda,79,Baltijos
1462,4637,Šilainių (Nr.11) apygarda,88,Žiemgalių
825,2384,Šilainių (Nr.11) apygarda,56,Milikonių
832,2192,Šilainių (Nr.11) apygarda,54,Demokratų
1133,2917,Šilainių (Nr.11) apygarda,64,Linkuvos
917,3680,Naujosios Vilnios (Nr.10) apygarda,230,Dvarčionių
586,2632,Naujosios Vilnios (Nr.10) apygarda,72,Lietuviųnamų
773,2841,Naujosios Vilnios (Nr.10) apygarda,109,Dzūkų
373,1409,Naujosios Vilnios (Nr.10) apygarda,37,Kapsų
422,1430,Naujosios Vilnios (Nr.10) apygarda,77,DariausirGirėno
646,2544,Naujosios Vilnios (Nr.10) apygarda,98,Kaminkelio
332,1401,Naujosios Vilnios (Nr.10) apygarda,43,Kirtimų
583,2344,Naujosios Vilnios (Nr.10) apygarda,61,Palydovo
558,2260,Naujosios Vilnios (Nr.10) apygarda,37,Rugiagėlių
328,1533,Naujosios Vilnios (Nr.10) apygarda,22,AKojelavičiaus
335,964,Naujosios Vilnios (Nr.10) apygarda,27,Užusienio
550,1788,Naujosios Vilnios (Nr.10) apygarda,39,Genių
982,2910,Naujosios Vilnios (Nr.10) apygarda,77,Pergalės
648,2000,Naujosios Vilnios (Nr.10) apygarda,52,Darželio
844,2934,Naujosios Vilnios (Nr.10) apygarda,54,Karklėnų
1190,4685,Naujosios Vilnios (Nr.10) apygarda,202,JKolaso
1199,3860,Naujosios Vilnios (Nr.10) apygarda,78,Parko
335,1387,Naujosios Vilnios (Nr.10) apygarda,7,Pramonės
871,2701,Lazdynų (Nr.9) apygarda,91,TrakųVokės
414,1797,Lazdynų (Nr.9) apygarda,54,Liudvinavo
920,2682,Lazdynų (Nr.9) apygarda,172,Vingio
756,2667,Lazdynų (Nr.9) apygarda,138,GeležinioVilko
1023,2833,Lazdynų (Nr.9) apygarda,174,Gluosnių
1041,3627,Lazdynų (Nr.9) apygarda,231,Skroblų
541,1795,Lazdynų (Nr.9) apygarda,121,Vilkpėdės
718,1996,Lazdynų (Nr.9) apygarda,119,Riešuto
1061,4021,Lazdynų (Nr.9) apygarda,184,Titnago
343,1482,Lazdynų (Nr.9) apygarda,61,AukštųjųPanerių
1554,3947,Lazdynų (Nr.9) apygarda,90,Bukčių
1036,2655,Lazdynų (Nr.9) apygarda,149,Akacijų
1563,4107,Lazdynų (Nr.9) apygarda,167,Oslo
1334,3143,Lazdynų (Nr.9) apygarda,145,Žėručio
1013,2850,Lazdynų (Nr.9) apygarda,125,Paparčio
1358,3196,Karoliniškių (Nr.8) apygarda,65,Papilėnų
1254,3083,Karoliniškių (Nr.8) apygarda,59,Vydūno
1067,2829,Karoliniškių (Nr.8) apygarda,87,Tujų
1333,3119,Karoliniškių (Nr.8) apygarda,81,Sausio-osios
1398,3221,Karoliniškių (Nr.8) apygarda,79,Bokšto
1506,3566,Karoliniškių (Nr.8) apygarda,73,LAsanavičiūtės
1066,2612,Karoliniškių (Nr.8) apygarda,57,VDruskio
842,1891,Karoliniškių (Nr.8) apygarda,41,RJankausko
753,1704,Karoliniškių (Nr.8) apygarda,40,DGerbutavičiaus
1071,2515,Karoliniškių (Nr.8) apygarda,55,Sietyno
1089,2927,Karoliniškių (Nr.8) apygarda,78,APKavoliuko
783,1955,Karoliniškių (Nr.8) apygarda,58,VVaitkaus
918,2388,Karoliniškių (Nr.8) apygarda,61,AJPovilaičio
1197,2850,Karoliniškių (Nr.8) apygarda,74,Laisvės
1810,4735,Karoliniškių (Nr.8) apygarda,55,Pilaitės
155,548,Karoliniškių (Nr.8) apygarda,10,Kriaučiūnų
1509,4123,Justiniškių (Nr.7) apygarda,115,Gabijos
1227,2843,Justiniškių (Nr.7) apygarda,66,JBaltrušaičio
1438,3798,Justiniškių (Nr.7) apygarda,100,Rygos
1850,4299,Justiniškių (Nr.7) apygarda,134,Taikos
1665,4099,Justiniškių (Nr.7) apygarda,120,Justiniškių
1588,3849,Justiniškių (Nr.7) apygarda,127,MBiržiškos
1433,3352,Justiniškių (Nr.7) apygarda,110,Sietuvos
1945,4430,Justiniškių (Nr.7) apygarda,100,Žemynos
1525,4251,Justiniškių (Nr.7) apygarda,88,Medeinos
1881,4295,Justiniškių (Nr.7) apygarda,114,Pašilaičių
1501,3568,Justiniškių (Nr.7) apygarda,102,Įsruties
1568,3931,Šeškinės (Nr.6) apygarda,127,Jovaro
596,1503,Šeškinės (Nr.6) apygarda,53,Ozo
810,2064,Šeškinės (Nr.6) apygarda,57,Viršuliškių
1080,2735,Šeškinės (Nr.6) apygarda,87,Lūžių
1032,2624,Šeškinės (Nr.6) apygarda,66,Mokslo
1324,3374,Šeškinės (Nr.6) apygarda,89,Čiobiškio
1456,3783,Šeškinės (Nr.6) apygarda,81,Musninkų
1150,2748,Šeškinės (Nr.6) apygarda,80,Dūkštų
964,2364,Šeškinės (Nr.6) apygarda,65,Šeškinės
1242,3491,Šeškinės (Nr.6) apygarda,97,Ukmergės
909,2196,Šeškinės (Nr.6) apygarda,63,ŽygimantoAugusto
1599,3784,Šeškinės (Nr.6) apygarda,121,Paberžės
1618,3996,Šeškinės (Nr.6) apygarda,137,Gelvonų
1246,3389,Šeškinės (Nr.6) apygarda,126,Statybininkų
1989,4352,Fabijoniškių (Nr.5) apygarda,88,Mokyklos
1520,4128,Fabijoniškių (Nr.5) apygarda,65,Fabijoniškių
1660,4015,Fabijoniškių (Nr.5) apygarda,69,SStanevičiaus
1115,2772,Fabijoniškių (Nr.5) apygarda,41,Kaimelio
1415,3559,Fabijoniškių (Nr.5) apygarda,62,LGiros
883,2191,Fabijoniškių (Nr.5) apygarda,37,PŽadeikos
1448,3271,Fabijoniškių (Nr.5) apygarda,76,Gedvydžių
1979,4392,Fabijoniškių (Nr.5) apygarda,71,Rugių
1335,3982,Fabijoniškių (Nr.5) apygarda,51,SNėries
1668,4976,Fabijoniškių (Nr.5) apygarda,50,Pavilnionių
1008,2956,Fabijoniškių (Nr.5) apygarda,37,Bajorų
1967,4857,Žirmūnų (Nr.4) apygarda,62,Muitininkų
1066,2587,Žirmūnų (Nr.4) apygarda,41,Žirmūnų
937,2602,Žirmūnų (Nr.4) apygarda,27,Kareivių
1102,2981,Žirmūnų (Nr.4) apygarda,50,Prekybininkų
825,2294,Žirmūnų (Nr.4) apygarda,39,Miestelio
918,2574,Žirmūnų (Nr.4) apygarda,53,Moksleivių
1097,2252,Žirmūnų (Nr.4) apygarda,45,Raitininkų
1239,2779,Žirmūnų (Nr.4) apygarda,62,Sporto
904,1856,Žirmūnų (Nr.4) apygarda,56,Kazliškių
1016,2177,Žirmūnų (Nr.4) apygarda,58,Rinktinės
694,1675,Žirmūnų (Nr.4) apygarda,26,Tuskulėnų
726,1737,Žirmūnų (Nr.4) apygarda,23,Trimitų
727,1913,Žirmūnų (Nr.4) apygarda,38,Minties
1419,3348,Žirmūnų (Nr.4) apygarda,50,Asiūklių
863,2197,Žirmūnų (Nr.4) apygarda,45,Apkasų
746,1942,Žirmūnų (Nr.4) apygarda,37,Verkių
749,1923,Žirmūnų (Nr.4) apygarda,46,Kalvarijų
1062,2580,Antakalnio (Nr.3) apygarda,56,Filaretų
368,842,Antakalnio (Nr.3) apygarda,26,Olandų
1839,3941,Antakalnio (Nr.3) apygarda,119,LSapiegos
1513,3140,Antakalnio (Nr.3) apygarda,75,Šilo
1458,3306,Antakalnio (Nr.3) apygarda,110,Antakalnio
1350,3510,Antakalnio (Nr.3) apygarda,86,Švyturio
1773,3610,Antakalnio (Nr.3) apygarda,94,BSruogos
1537,3673,Antakalnio (Nr.3) apygarda,69,Saulėtekio
748,2804,Antakalnio (Nr.3) apygarda,74,Markučių
1130,4181,Antakalnio (Nr.3) apygarda,133,Liepkalnio
510,1597,Antakalnio (Nr.3) apygarda,38,Karačiūnų
412,904,Antakalnio (Nr.3) apygarda,34,Antavilių
1694,4209,Antakalnio (Nr.3) apygarda,95,Balsių
671,2497,Antakalnio (Nr.3) apygarda,56,Popieriaus
419,1010,Senamiesčio (Nr.2) apygarda,34,Dailės
991,2432,Senamiesčio (Nr.2) apygarda,62,Užupio
1288,3349,Senamiesčio (Nr.2) apygarda,90,AKrutulio
1112,3134,Senamiesčio (Nr.2) apygarda,128,AJuozapavičiaus
1416,3934,Senamiesčio (Nr.2) apygarda,210,Didlaukio
864,3252,Senamiesčio (Nr.2) apygarda,161,Licėjaus
1326,3859,Senamiesčio (Nr.2) apygarda,193,Senvagės
1647,4773,Senamiesčio (Nr.2) apygarda,192,VSirokomlės
743,1791,Senamiesčio (Nr.2) apygarda,66,SNėries
1095,2701,Senamiesčio (Nr.2) apygarda,100,Naugarduko
719,1788,Senamiesčio (Nr.2) apygarda,70,AVienuolio
1043,3219,Senamiesčio (Nr.2) apygarda,127,MDaukšos
745,2297,Senamiesčio (Nr.2) apygarda,92,VŠopeno
1293,3234,Senamiesčio (Nr.2) apygarda,171,Baltupių
